Tag,Text,Href,Src,Value,Date-Time
a,Show all data,/honeybot,,,
h3,We would like to send you awesome offers!,,,,
p,Notifications can be turned off anytime from settings.,,,,
a,Impact@Snapdeal,https://impactatsnapdeal.com/,,,
a,Help Center,javascript:void(0);,,,
a,Sell On Snapdeal,https://sellers.snapdeal.com/,,,
img,,,,,
a,Download App,http://www.snapdeal.com/offers/getsnapdealapp,,,
h3,,,,,
a,Visit Help Center,https://www.snapdeal.com/helpcenter?redirectFrom=hook,,,
a,,https://www.snapdeal.com,,,
img,,,https://i3.sdlcdn.com/img/snapdeal/darwin/logo/sdLatestLogo.svg,,
a,,https://www.snapdeal.com,,,
img,,,,,
a,kitchen product,https://www.snapdeal.com/search?clickSrc=top_searches&keyword=kitchen product&categoryId=0&vertical=p&noOfResults=20&SRPID=topsearch,,,
a,shoes for men,https://www.snapdeal.com/search?clickSrc=top_searches&keyword=shoes for men&categoryId=0&vertical=p&noOfResults=20&SRPID=topsearch,,,
a,kurti set,https://www.snapdeal.com/search?clickSrc=top_searches&keyword=kurti set&categoryId=0&vertical=p&noOfResults=20&SRPID=topsearch,,,
a,sandal men,https://www.snapdeal.com/search?clickSrc=top_searches&keyword=sandal men&categoryId=0&vertical=p&noOfResults=20&SRPID=topsearch,,,
a,sport shoe men,https://www.snapdeal.com/search?clickSrc=top_searches&keyword=sport shoe men&categoryId=0&vertical=p&noOfResults=20&SRPID=topsearch,,,
a,saree,https://www.snapdeal.com/search?clickSrc=top_searches&keyword=saree&categoryId=0&vertical=p&noOfResults=20&SRPID=topsearch,,,
a,tshirt,https://www.snapdeal.com/search?clickSrc=top_searches&keyword=tshirt&categoryId=0&vertical=p&noOfResults=20&SRPID=topsearch,,,
a,wall stickers,https://www.snapdeal.com/search?clickSrc=top_searches&keyword=wall stickers&categoryId=0&vertical=p&noOfResults=20&SRPID=topsearch,,,
img,,,,,
p,Item(s) Added To cart,,,,
p,,,,,
p,Qty.,,,,
img,,,,,
a,Orders,https://www.snapdeal.com/myorders,,,
a,E-Gift Voucher,https://www.snapdeal.com/myEGiftVoucher,,,
a,Logout,https://www.snapdeal.com/logout,,,
a,Your Account,https://www.snapdeal.com/myorders,,,
a,Your Orders,https://www.snapdeal.com/myorders,,,
p,If you are a new user,,,,
a,login,https://www.snapdeal.com/login,,,
a,,/,,,
a,Help Center,/helpcenter,,,
p,Something went wrong. Please refresh the page and try again.,,,,
p,Something went wrong. Please refresh the page and try again.,,,,
p,Exchange offer not applicable. New product price is lower than exchange product price,,,,
p,Please check the updated No Cost EMI details on the payment page,,,,
p,Exchange offer is not applicable with this product,,,,
p,Exchange Offer cannot be clubbed with Bajaj Finserv for this product,,,,
p,Product price & seller has been updated as per Bajaj Finserv EMI option,,,,
p,Please apply exchange offer again,,,,
p,Your item has been added to Shortlist.,,,,
a,View All,https://www.snapdeal.com/mywishlist,,,
p,Your Item has been added to Shopping List,,,,
a,View All,https://www.snapdeal.com/shopping-list,,,
h3,Remove Item/s,,,,
h4,Remove below items from the cart,,,,
img,,,,,
h3,,,,,
img,,,,,
a,Men's Fashion,javascript:void(0);,,,
p,Footwear,,,,
a,Footwear,https://www.snapdeal.com/products/mens-footwear,,,
p,Sports Shoes,,,,
a,Sports Shoes,https://www.snapdeal.com/products/mens-footwear-sports-shoes,,,
p,Casual Shoes,,,,
a,Casual Shoes,https://www.snapdeal.com/products/mens-footwear-casual-shoes,,,
p,Slippers & Flip Flops,,,,
a,Slippers & Flip Flops,http://www.snapdeal.com/products/mens-footwear-slippers-floaters?sort=plrty,,,
p,Sandals & Floaters,,,,
a,Sandals & Floaters,http://www.snapdeal.com/products/mens-footwear-floater-sandals?sort=plrty,,,
p,Formal Shoes,,,,
a,Formal Shoes,http://www.snapdeal.com/products/mens-footwear-formal-shoes,,,
p,Loafers,,,,
a,Loafers,http://www.snapdeal.com/products/mens-footwear-loafers?sort=plrty,,,
p,Sneakers,,,,
a,Sneakers,https://www.snapdeal.com/products/mens-footwear-sneakers?sort=plrty#bcrumbLabelId:18,,,
p,Ethnic Footwear,,,,
a,Ethnic Footwear,https://www.snapdeal.com/products/mens-footwear-ethnic?sort=plrty,,,
p,Shoe Accessories,,,,
a,Shoe Accessories,https://www.snapdeal.com/products/mens-footwear-accessories?sort=plrty,,,
p,View All,,,,
a,View All,https://www.snapdeal.com/products/mens-footwear,,,
p,Bags & Luggage,,,,
a,Bags & Luggage,https://www.snapdeal.com/products/bags,,,
p,Backpacks,,,,
a,Backpacks,https://www.snapdeal.com/products/lifestyle-backpacks,,,
p,Laptop Bags,,,,
a,Laptop Bags,https://www.snapdeal.com/products/lifestyle-laptop-bags,,,
p,Hiking Bags,,,,
a,Hiking Bags,https://www.snapdeal.com/products/bags-hiking-rucksacks,,,
p,Luggage & Suitcases,,,,
a,Luggage & Suitcases,https://www.snapdeal.com/products/lifestyle-luggage,,,
p,Travel Accessories,,,,
a,Travel Accessories,https://www.snapdeal.com/products/lifestyle-travel-accessories,,,
p,Office Bags,,,,
a,Office Bags,https://www.snapdeal.com/products/bags-briefcases,,,
p,View All,,,,
a,View All,https://www.snapdeal.com/products/bags?sort=plrty,,,
p,,,,,
a,,,,,
p,,,,,
a,,,,,
p,,,,,
a,,,,,
p,,,,,
a,,,,,
p,Clothing,,,,
a,Clothing,https://www.snapdeal.com/products/men-apparel,,,
p,T-Shirts & Polos,,,,
a,T-Shirts & Polos,https://www.snapdeal.com/products/mens-tshirts-polos,,,
p,Shirts,,,,
a,Shirts,https://www.snapdeal.com/products/men-apparel-shirts,,,
p,Jeans,,,,
a,Jeans,https://www.snapdeal.com/products/men-apparel-jeans,,,
p,Trousers & Chinos,,,,
a,Trousers & Chinos,https://www.snapdeal.com/products/men-apparel-trousers?sort=plrty,,,
p,Innerwear & Sleepwear,,,,
a,Innerwear & Sleepwear,https://www.snapdeal.com/products/men-apparel-innerwear,,,
p,View All,,,,
a,View All,https://www.snapdeal.com/products/men-apparel?sort=plrty,,,
p,Winter Wear,,,,
a,Winter Wear,https://www.snapdeal.com/products/mens-winter-wear-store?sort=plrty,,,
p,Jackets,,,,
a,Jackets,https://www.snapdeal.com/products/men-apparel-outerwear-jackets?sort=plrty,,,
p,Sweatshirts,,,,
a,Sweatshirts,https://www.snapdeal.com/products/men-apparel-sweatshirts?sort=plrty,,,
p,Sweaters,,,,
a,Sweaters,https://www.snapdeal.com/products/men-apparel-sweaters?sort=plrty,,,
p,Thermals,,,,
a,Thermals,https://www.snapdeal.com/products/mens-winter-innerwear-thermals?sort=plrty,,,
p,Sportswear,,,,
a,Sportswear,https://www.snapdeal.com/products/men-apparel-sports-wear,,,
p,T-Shirts & Polos,,,,
a,T-Shirts & Polos,https://www.snapdeal.com/products/men-sports-tshirts-polos?sort=plrty,,,
p,Trackpants & Tracksuits,,,,
a,Trackpants & Tracksuits,https://www.snapdeal.com/products/men-apparel-trackpants-tracksuits?sort=plrty,,,
p,View All,,,,
a,View All,https://www.snapdeal.com/products/men-apparel-sports-wear?sort=plrty,,,
p,Men's Grooming,,,,
a,Men's Grooming,https://www.snapdeal.com/products/perfumes-beauty-mens-grooming,,,
p,Shaving Creams & Gels,,,,
a,Shaving Creams & Gels,https://www.snapdeal.com/products/shaving-foams-creams-gels,,,
p,,,,,
a,,,,,
p,,,,,
a,,,,,
p,,,,,
a,,,,,
p,,,,,
a,,,,,
p,,,,,
a,,,,,
p,Eyewear,,,,
a,Eyewear,https://www.snapdeal.com/products/eyewear?sort=plrty&q=Gender_s%3AMen%20Only%5EUnisex%7C,,,
p,Sunglasses,,,,
a,Sunglasses,https://www.snapdeal.com/products/lifestyle-sunglasses?sort=plrty,,,
p,View All,,,,
a,View All,https://www.snapdeal.com/products/eyewear?sort=plrty&q=Gender_s%3AMen%20Only%5EUnisex%7C,,,
p,Watches,,,,
a,Watches,https://www.snapdeal.com/products/watches-men,,,
p,Jewellery & Cufflinks,,,,
a,Jewellery & Cufflinks,https://www.snapdeal.com/products/fashion-mens-jewellery?sort=plrty,,,
p,Accessories,,,,
a,Accessories,https://www.snapdeal.com/products/fashion-men,,,
p,Wallets,,,,
a,Wallets,https://www.snapdeal.com/products/mens-wallets?sort=plrty,,,
p,Belts,,,,
a,Belts,https://www.snapdeal.com/products/lifestyle-belts,,,
p,Hats & Caps,,,,
a,Hats & Caps,https://www.snapdeal.com/products/fashion-caps-hats?sort=plrty,,,
p,Gift Sets,,,,
a,Gift Sets,https://www.snapdeal.com/products/lifestyle-gift-sets,,,
p,Neckties & Cravats,,,,
a,Neckties & Cravats,https://www.snapdeal.com/products/lifestyle-necktie?sort=plrty,,,
p,Card Holders,,,,
a,Card Holders,https://www.snapdeal.com/products/mens-card-holder?sort=plrty,,,
p,Keychains,,,,
a,Keychains,https://www.snapdeal.com/products/fashion-keychains?sort=plrty,,,
p,Suspenders,,,,
a,Suspenders,https://www.snapdeal.com/products/fashion-suspenders,,,
p,View All,,,,
a,View All,https://www.snapdeal.com/products/fashion-men,,,
p,Fragrances,,,,
a,Fragrances,https://www.snapdeal.com/products/fragrances-men,,,
p,Perfumes,,,,
a,Perfumes,https://www.snapdeal.com/products/perfumes-men,,,
p,Deodorants,,,,
a,Deodorants,https://www.snapdeal.com/products/perfumes-beauty-deodrants?sort=plrty,,,
p,Attars (Non-Alcoholic),,,,
a,Attars (Non-Alcoholic),https://www.snapdeal.com/products/perfumes-beauty-attar?sort=plrty,,,
p,View All,,,,
a,View All,https://www.snapdeal.com/products/fragrances-men?sort=plrty,,,
p,,,,,
a,,,,,
p,,,,,
a,,,,,
p,,,,,
a,,,,,
a,,https://www.snapdeal.com/offers/fashion-diwali-2019,,,
img,,,,,
a,Women's Fashion,javascript:void(0);,,,
p,Ethnic Wear,,,,
a,Ethnic Wear,https://www.snapdeal.com/products/women-ethnicwear,,,
p,Sarees,,,,
a,Sarees,https://www.snapdeal.com/products/women-apparel-sarees,,,
p,Kurtas & Kurtis,,,,
a,Kurtas & Kurtis,https://www.snapdeal.com/products/women-apparel-kurtis?sort=plrty,,,
p,Lehengas,,,,
a,Lehengas,https://www.snapdeal.com/products/women-apparel-lehenga,,,
p,Salwar Suits,,,,
a,Salwar Suits,https://www.snapdeal.com/products/women-apparel-suits?sort=plrty,,,
p,Salwars & Leggings,,,,
a,Salwars & Leggings,https://www.snapdeal.com/products/women-apparel-salwars-churidars?sort=plrty,,,
p,Blouses & Petticoats,,,,
a,Blouses & Petticoats,https://www.snapdeal.com/products/women-ethnicwear-sarees-essential?sort=plrty,,,
p,View All,,,,
a,View All,https://www.snapdeal.com/products/women-ethnicwear?sort=plrty,,,
p,Footwear,,,,
a,Footwear,https://www.snapdeal.com/products/womens-footwear,,,
p,Heels,,,,
a,Heels,https://www.snapdeal.com/products/womens-footwear-heeled-slipon-pump,,,
p,Flats & Sandals,,,,
a,Flats & Sandals,https://www.snapdeal.com/products/womens-footwear-sandal,,,
p,Slippers & Flip Flops,,,,
a,Slippers & Flip Flops,https://www.snapdeal.com/products/womens-footwear-slippers-floaters,,,
p,Ballerinas,,,,
a,Ballerinas,https://www.snapdeal.com/products/womens-footwear-ballerina?sort=plrty,,,
p,Casual Shoes,,,,
a,Casual Shoes,https://www.snapdeal.com/products/womens-footwear-casual-shoes?,,,
p,Sports Shoes,,,,
a,Sports Shoes,https://www.snapdeal.com/products/womens-footwear-sports-shoes?,,,
p,Ethnic Footwear,,,,
a,Ethnic Footwear,https://www.snapdeal.com/products/womens-footwear-ethnic?sort=plrty,,,
p,Floater Sandal,,,,
a,Floater Sandal,https://www.snapdeal.com/products/womens-footwear-floater-sandal?sort=plrty,,,
p,View All,,,,
a,View All,https://www.snapdeal.com/products/womens-footwear?sort=plrty,,,
p,Perfumes & Fragrances,,,,
a,Perfumes & Fragrances,https://www.snapdeal.com/products/fragrances-women?sort=plrty,,,
p,Perfumes,,,,
a,Perfumes,https://www.snapdeal.com/products/perfumes-women?sort=plrty,,,
p,Deodorants,,,,
a,Deodorants,https://www.snapdeal.com/products/deodorants-women?sort=plrty,,,
p,,,,,
a,,,,,
p,,,,,
a,,,,,
p,Western Wear,,,,
a,Western Wear,https://www.snapdeal.com/products/women-apparel,,,
p,Dresses,,,,
a,Dresses,https://www.snapdeal.com/products/dresses-gowns-jumpsuits?sort=plrty,,,
p,Tops & Tunics,,,,
a,Tops & Tunics,https://www.snapdeal.com/products/women-apparel-tops-tunics,,,
p,T-Shirts,,,,
a,T-Shirts,https://www.snapdeal.com/products/women-apparel-tees?sort=plrty,,,
p,Shirts,,,,
a,Shirts,https://www.snapdeal.com/products/women-apparel-shirts-blouses?sort=plrty,,,
p,Denims & Trousers,,,,
a,Denims & Trousers,https://www.snapdeal.com/products/women-apparel-trousers-denims?sort=plrty,,,
p,Pants & Palazzos,,,,
a,Pants & Palazzos,https://www.snapdeal.com/products/women-apparel-pants-palazzos?sort=plrty,,,
p,Innerwear,,,,
a,Innerwear,https://www.snapdeal.com/products/women-apparel-innerwear?sort=plrty,,,
p,Nightwear,,,,
a,Nightwear,https://www.snapdeal.com/products/women-apparel-sleep-loungewear?sort=plrty,,,
p,Sportswear,,,,
a,Sportswear,https://www.snapdeal.com/products/women-apparel-sportswear?sort=plrty,,,
p,View All,,,,
a,View All,https://www.snapdeal.com/products/women-apparel?sort=plrty,,,
p,Winter Wear,,,,
a,Winter Wear,https://www.snapdeal.com/products/women-apparel-winterwear?sort=plrty,,,
p,Outerwear & Jackets,,,,
a,Outerwear & Jackets,https://www.snapdeal.com/products/women-apparel-outerwear-jackets?sort=plrty,,,
p,Sweatshirts,,,,
a,Sweatshirts,https://www.snapdeal.com/products/women-apparel-sweatshirts?sort=plrty,,,
p,Cardigans & Pullovers,,,,
a,Cardigans & Pullovers,https://www.snapdeal.com/products/women-apparel-sweaters-cardigans?sort=plrty,,,
p,Shrugs & Waistcoats,,,,
a,Shrugs & Waistcoats,https://www.snapdeal.com/products/women-apparel-shrugs-waistcoats?sort=plrty,,,
p,Maternity Wear,,,,
a,Maternity Wear,https://www.snapdeal.com/products/maternity-wear?sort=plrty,,,
p,Handbags & Clutches,,,,
a,Handbags & Clutches,https://www.snapdeal.com/products/handbags-clutches,,,
p,Handbags,,,,
a,Handbags,https://www.snapdeal.com/products/lifestyle-handbags-wallets?sort=plrty,,,
p,Wallets,,,,
a,Wallets,https://www.snapdeal.com/products/women-wallets?sort=plrty,,,
p,Clutches,,,,
a,Clutches,https://www.snapdeal.com/products/bags-clutches?sort=plrty,,,
p,Utility bags,,,,
a,Utility bags,https://www.snapdeal.com/products/bags-utility,,,
p,,,,,
a,,,,,
p,Eyewear,,,,
a,Eyewear,https://www.snapdeal.com/products/eyewear?sort=plrty,,,
p,Sunglasses,,,,
a,Sunglasses,https://www.snapdeal.com/products/lifestyle-sunglasses,,,
p,Spectacle Frames,,,,
a,Spectacle Frames,https://www.snapdeal.com/products/lifestyle-frames,,,
p,Watches,,,,
a,Watches,https://www.snapdeal.com/products/watches-women,,,
p,Fashion Jewellery,,,,
a,Fashion Jewellery,https://www.snapdeal.com/products/jewellery-fashion?sort=plrty,,,
p,Necklaces & Sets,,,,
a,Necklaces & Sets,https://www.snapdeal.com/products/jewelry-necklaces-sets?sort=plrty,,,
p,Earrings,,,,
a,Earrings,https://www.snapdeal.com/products/jewelry-earrings?sort=plrty,,,
p,Bangles & Bracelets,,,,
a,Bangles & Bracelets,https://www.snapdeal.com/products/jewelry-bangles-bracelets?sort=plrty,,,
p,Pendants & Sets,,,,
a,Pendants & Sets,https://www.snapdeal.com/products/jewelry-pendant-sets?sort=plrty,,,
p,View All,,,,
a,View All,https://www.snapdeal.com/products/jewellery-fashion,,,
p,Gold Coins & Bars,,,,
a,Gold Coins & Bars,https://www.snapdeal.com/products/jewelry-coins-bars?sort=plrty,,,
p,Fashion Accessories,,,,
a,Fashion Accessories,https://www.snapdeal.com/products/fashion-women?sort=plrty,,,
p,Hair Accessories,,,,
a,Hair Accessories,https://www.snapdeal.com/products/women-hair-accessories?sort=plrty,,,
p,Stoles & Scarves,,,,
a,Stoles & Scarves,https://www.snapdeal.com/products/women-stoles-scarves?sort=plrty,,,
p,Socks & Stockings,,,,
a,Socks & Stockings,https://www.snapdeal.com/products/women-socks-stockings?sort=plrty,,,
p,View All,,,,
a,View All,https://www.snapdeal.com/products/fashion-women?sort=plrty,,,
p,,,,,
a,,,,,
p,,,,,
a,,,,,
p,,,,,
a,,,,,
p,,,,,
a,,,,,
p,,,,,
a,,,,,
p,,,,,
a,,,,,
p,,,,,
a,,,,,
a,,https://www.snapdeal.com/products/watches-women?q=hpsaScore_tf1%3A1%7Cdiscount%3A50%20-%2060%5E60%20-%2070%5E70%20-%2080%5E80%20-%2090%7C&sort=plrty,,,
img,,,,,
a,Home & Kitchen,javascript:void(0);,,,
p,Kitchen Appliances,,,,
a,Kitchen Appliances,https://www.snapdeal.com/products/appliances-kitchen,,,
p,Juicer Mixer Grinders,,,,
a,Juicer Mixer Grinders,https://www.snapdeal.com/products/appliances-juicer-mixer-grinders,,,
p,Water Purifiers,,,,
a,Water Purifiers,http://www.snapdeal.com/products/appliances-water-purifiers,,,
p,Gas Stoves & Hobs,,,,
a,Gas Stoves & Hobs,https://www.snapdeal.com/products/appliances-gas-stoves-hobs,,,
p,Chimneys,,,,
a,Chimneys,https://www.snapdeal.com/products/appliances-chimney-hoods,,,
p,Induction Cooktops,,,,
a,Induction Cooktops,https://www.snapdeal.com/products/appliances-induction-cookers,,,
p,Kettles & Coffee Makers,,,,
a,Kettles & Coffee Makers,https://www.snapdeal.com/products/appliances-coffee-makers-kettles,,,
p,Choppers & Blenders,,,,
a,Choppers & Blenders,https://www.snapdeal.com/products/appliances-choppers-blenders,,,
p,Sandwich Makers,,,,
a,Sandwich Makers,https://www.snapdeal.com/products/appliances-sandwich-makers,,,
p,Roti Makers,,,,
a,Roti Makers,https://www.snapdeal.com/products/appliances-toasters-roti-makers,,,
p,Electric Cookers,,,,
a,Electric Cookers,https://www.snapdeal.com/products/appliances-rice-cookers-steamers,,,
p,Air Fryers,,,,
a,Air Fryers,https://www.snapdeal.com/products/appliances-rice-cookers-steamers/filters/Type_s~Air%20Fryer,,,
p,View All,,,,
a,View All,https://www.snapdeal.com/products/appliances-kitchen?sort=plrty,,,
p,Kitchenware,,,,
a,Kitchenware,https://www.snapdeal.com/products/home-kitchen,,,
p,Cookware & Bakeware,,,,
a,Cookware & Bakeware,https://www.snapdeal.com/products/home-kitchen-cookware-bakeware/?,,,
p,Kitchen Storage,,,,
a,Kitchen Storage,https://www.snapdeal.com/products/home-kitchen-kitchen-storage,,,
p,Dining & Serving,,,,
a,Dining & Serving,https://www.snapdeal.com/products/home-kitchen-dining-serving,,,
p,Kitchen Tools,,,,
a,Kitchen Tools,https://www.snapdeal.com/products/home-kitchen-cutting-cooking-tools,,,
p,Pressure Cookers,,,,
a,Pressure Cookers,https://www.snapdeal.com/products/pressure-cookers?sort=plrty,,,
p,Water Bottles,,,,
a,Water Bottles,https://www.snapdeal.com/products/water-bottles?sort=plrty,,,
p,Tea & Coffeeware,,,,
a,Tea & Coffeeware,https://www.snapdeal.com/products/home-kitchen-tea-coffee-serveware,,,
p,Bar Accessories,,,,
a,Bar Accessories,https://www.snapdeal.com/products/home-kitchen-bar-glassware,,,
p,View All,,,,
a,View All,https://www.snapdeal.com/products/home-kitchen?sort=plrty,,,
p,Home Furnishing,,,,
a,Home Furnishing,https://www.snapdeal.com/products/home-furnishing,,,
p,Bed Linen,,,,
a,Bed Linen,https://www.snapdeal.com/products/home-kitchen-bed-linen,,,
p,Bath Linen,,,,
a,Bath Linen,https://www.snapdeal.com/products/bathroom-furnishing,,,
p,Blankets & Quilts,,,,
a,Blankets & Quilts,https://www.snapdeal.com/products/home-furnishing-blankets-quilts,,,
p,Curtains & Accessories,,,,
a,Curtains & Accessories,https://www.snapdeal.com/products/home-kitchen-curtains-blinds,,,
p,Mattresses,,,,
a,Mattresses,https://www.snapdeal.com/products/home-furnishing-mattress-protectors,,,
p,View All,,,,
a,View All,https://www.snapdeal.com/products/home-furnishing?sort=plrty,,,
p,Furniture,,,,
a,Furniture,https://www.snapdeal.com/products/furniture?sort=plrty#bcrumbLabelId:617,,,
p,Storage & Display,,,,
a,Storage & Display,https://www.snapdeal.com/products/furniture-storage-cabinets?sort=plrty,,,
p,Bean Bags,,,,
a,Bean Bags,https://www.snapdeal.com/products/home-kitchen-bean-bags?sort=plrty,,,
p,Tables & Desks,,,,
a,Tables & Desks,https://www.snapdeal.com/products/furniture-tables?sort=plrty,,,
p,View All,,,,
a,View All,https://www.snapdeal.com/products/furniture?sort=plrty,,,
p,Home Décor,,,,
a,Home Décor,https://www.snapdeal.com/products/home-kitchen-home-decoratives,,,
p,Lighting Fixtures,,,,
a,Lighting Fixtures,https://www.snapdeal.com/products/home-kitchen-lamps,,,
p,Wall Decor,,,,
a,Wall Decor,https://www.snapdeal.com/products/home-kitchen-wall-decor,,,
p,Gifts & Decor,,,,
a,Gifts & Decor,javascript:void(0);,,,
p,Religion & Spirituality,,,,
a,Religion & Spirituality,https://www.snapdeal.com/products/home-kitchen-religion-spirituality,,,
p,LED Bulbs,,,,
a,LED Bulbs,https://www.snapdeal.com/products/led-bulbs?sort=plrty,,,
p,View All,,,,
a,View All,https://www.snapdeal.com/products/home-kitchen-home-decoratives?sort=plrty,,,
p,,,,,
a,,,,,
p,,,,,
a,,,,,
p,,,,,
a,,,,,
p,,,,,
a,,,,,
p,Home Improvement,,,,
a,Home Improvement,https://www.snapdeal.com/products/home-improvement,,,
p,Home Utility,,,,
a,Home Utility,https://www.snapdeal.com/products/home-improvement-utility,,,
p,Cleaning Mops,,,,
a,Cleaning Mops,https://www.snapdeal.com/products/home-cleaning-mops?sort=plrty,,,
p,Plants & Gardening,,,,
a,Plants & Gardening,https://www.snapdeal.com/products/home-kitchen-gardening,,,
p,Ironing Boards,,,,
a,Ironing Boards,https://www.snapdeal.com/products/home-utility-ironing-boards?sort=plrty,,,
p,Home Cleaning,,,,
a,Home Cleaning,https://www.snapdeal.com/products/home-kitchen-home-cleaning,,,
p,Laundry Accessories,,,,
a,Laundry Accessories,https://www.snapdeal.com/products/home-utility-laundry-bath-accessories?sort=plrty,,,
p,View All,,,,
a,View All,https://www.snapdeal.com/products/home-improvement,,,
p,Tools & Hardware,,,,
a,Tools & Hardware,https://www.snapdeal.com/products/kitchen-bathroom-fittings,,,
p,Power & Hand Tools,,,,
a,Power & Hand Tools,https://www.snapdeal.com/products/home-kitchen-hardware-fixtures,,,
p,Bathroom Accessories,,,,
a,Bathroom Accessories,https://www.snapdeal.com/products/home-kitchen-sanitary-bathroom-fittings,,,
p,Electrical,,,,
a,Electrical,https://www.snapdeal.com/products/kitchen-bathroom-fittings-electrical-equipment,,,
p,Taps & Showers,,,,
a,Taps & Showers,https://www.snapdeal.com/products/kitchen-bathroom-fittings-taps-faucets,,,
p,Safes Lock & Door Fitting,,,,
a,Safes Lock & Door Fitting,https://www.snapdeal.com/products/safes-locks-door-fittings,,,
p,Sanitaryware,,,,
a,Sanitaryware,https://www.snapdeal.com/products/kitchen-bathroom-fittings-sanitaryware,,,
p,View All,,,,
a,View All,https://www.snapdeal.com/products/kitchen-bathroom-fittings?sort=plrty,,,
p,Pet Supplies,,,,
a,Pet Supplies,https://www.snapdeal.com/products/home-kitchen-pet-supplies,,,
p,Dog Supplies,,,,
a,Dog Supplies,https://www.snapdeal.com/products/dog-supplies?sort=plrty&showAds=false,,,
p,Cat Supplies,,,,
a,Cat Supplies,https://www.snapdeal.com/products/cat-supplies?sort=plrty&showAds=false,,,
p,Fish & Aquatic Supplies,,,,
a,Fish & Aquatic Supplies,https://www.snapdeal.com/products/aquatic-supplies?sort=plrty&showAds=false,,,
p,Bird Supplies,,,,
a,Bird Supplies,https://www.snapdeal.com/products/bird-supplies?sort=plrty,,,
p,View All,,,,
a,View All,https://www.snapdeal.com/products/home-kitchen-pet-supplies?sort=plrty&showAds=false,,,
p,,,,,
a,,,,,
a,,https://www.snapdeal.com/offers/super_savers_offers,,,
img,,,,,
a,"Toys, Kids' Fashion & more",javascript:void(0);,,,
p,Toys,,,,
a,Toys,https://www.snapdeal.com/products/kids-toys,,,
p,Toy Cars,,,,
a,Toy Cars,https://www.snapdeal.com/products/car-toys?sort=plrty,,,
p,Electronic Toys,,,,
a,Electronic Toys,https://www.snapdeal.com/products/kids-toys-electronic-toys,,,
p,Action  Toys  & Figures,,,,
a,Action  Toys  & Figures,https://www.snapdeal.com/products/kids-toys-action-games-figures?sort=plrty,,,
p,Ride On & Scooters,,,,
a,Ride On & Scooters,https://www.snapdeal.com/products/kids-toys-ride-ons,,,
p,Outdoor Toys,,,,
a,Outdoor Toys,https://www.snapdeal.com/products/kids-toys-outdoor-sports-accessories?sort=plrty,,,
p,Soft Toys,,,,
a,Soft Toys,https://www.snapdeal.com/products/kids-toys-soft-toys,,,
p,Educational Toys,,,,
a,Educational Toys,https://www.snapdeal.com/products/kids-toys-educational-products,,,
p,Toddler Toys,,,,
a,Toddler Toys,https://www.snapdeal.com/products/kids-toys-baby-toys-accessories?sort=plrty,,,
p,Dolls & Doll Houses,,,,
a,Dolls & Doll Houses,https://www.snapdeal.com/products/kids-toys-dolls,,,
p,Activity Sets,,,,
a,Activity Sets,https://www.snapdeal.com/products/kids-toys-activity-sets?sort=plrty,,,
p,Indoor & Board Games,,,,
a,Indoor & Board Games,https://www.snapdeal.com/products/kids-toys-indoor-games-puzzles?sort=plrty,,,
p,Party Supplies,,,,
a,Party Supplies,https://www.snapdeal.com/products/kids-toys-party-supplies,,,
p,Bicycles & Tricycles,,,,
a,Bicycles & Tricycles,https://www.snapdeal.com/products/kids-toys-bicycles-tricycles,,,
p,Kids' Footwear,,,,
a,Kids' Footwear,https://www.snapdeal.com/products/kids-footwear,,,
p,Boys Footwear,,,,
a,Boys Footwear,https://www.snapdeal.com/products/kids-footwear-boys?sort=plrty,,,
p,Girls Footwear,,,,
a,Girls Footwear,https://www.snapdeal.com/products/kids-footwear-girls?sort=plrty,,,
p,Baby Footwear,,,,
a,Baby Footwear,https://www.snapdeal.com/products/kids-footwear-infants?sort=plrty,,,
p,Accessories,,,,
a,Accessories,https://www.snapdeal.com/products/fashion-kids?sort=plrty,,,
p,Eyewear,,,,
a,Eyewear,https://www.snapdeal.com/products/eyewear-kids?sort=plrty,,,
p,Kids' Watches,,,,
a,Kids' Watches,https://www.snapdeal.com/products/watches-kids?sort=plrty,,,
p,,,,,
a,,,,,
p,,,,,
a,,,,,
p,Kids' Clothing,,,,
a,Kids' Clothing,https://www.snapdeal.com/products/kids-clothing,,,
p,Girls' Clothing,,,,
a,Girls' Clothing,https://www.snapdeal.com/products/girls-clothing?sort=plrty,,,
p,Frocks & Dresses,,,,
a,Frocks & Dresses,https://www.snapdeal.com/products/girls-clothing-frocks?sort=plrty,,,
p,Lehenga Cholis & Sarees,,,,
a,Lehenga Cholis & Sarees,https://www.snapdeal.com/products/girls-clothing-lehengas?sort=plrty,,,
p,Jeans & Pants,,,,
a,Jeans & Pants,https://www.snapdeal.com/products/girls-clothing-jeans-pants?sort=plrty,,,
p,Suit Sets,,,,
a,Suit Sets,https://www.snapdeal.com/products/girls-clothing-salwar-kameez-kurtis?sort=plrty,,,
p,"Tops, Tees & Shirts",,,,
a,"Tops, Tees & Shirts",https://www.snapdeal.com/products/girls-clothing-tops-tshirts?sort=plrty,,,
p,Leggings & Jeggings,,,,
a,Leggings & Jeggings,https://www.snapdeal.com/products/girls-clothing-leggings?sort=plrty,,,
p,Top & Bottom Sets,,,,
a,Top & Bottom Sets,https://www.snapdeal.com/products/girls-clothing-sets?sort=plrty,,,
p,Boys' Clothing,,,,
a,Boys' Clothing,https://www.snapdeal.com/products/boys-clothing?sort=plrty,,,
p,Top Wear,,,,
a,Top Wear,https://www.snapdeal.com/products/boys-clothing-top-wear?sort=plrty,,,
p,Top & Bottom Sets,,,,
a,Top & Bottom Sets,https://www.snapdeal.com/products/boys-clothing-sets?sort=plrty,,,
p,Bottom Wear,,,,
a,Bottom Wear,https://www.snapdeal.com/products/boys-clothing-bottom-wear?sort=plrty,,,
p,Ethnicwear,,,,
a,Ethnicwear,https://www.snapdeal.com/products/boys-clothing-ethnicwear?sort=plrty,,,
p,Innerwear,,,,
a,Innerwear,https://www.snapdeal.com/products/boys-clothing-innerwear?sort=plrty,,,
p,Nightwear,,,,
a,Nightwear,https://www.snapdeal.com/products/boys-clothing-nightwear,,,
p,Baby Clothing,,,,
a,Baby Clothing,https://www.snapdeal.com/products/baby-clothing?sort=plrty,,,
p,Top & Bottom Sets,,,,
a,Top & Bottom Sets,https://www.snapdeal.com/products/baby-clothing-top-bottom-sets?sort=plrty,,,
p,"Frocks, Dresses & Skirts",,,,
a,"Frocks, Dresses & Skirts",https://www.snapdeal.com/products/baby-clothing-girls-dresses?sort=plrty,,,
p,Rompers & Body Suits,,,,
a,Rompers & Body Suits,https://www.snapdeal.com/products/baby-clothing-rompers-bodysuits?sort=plrty,,,
p,"Shirts, T-Shirts & Tops",,,,
a,"Shirts, T-Shirts & Tops",https://www.snapdeal.com/products/baby-clothing-tshirts-tops?sort=plrty,,,
p,Bottom Wear,,,,
a,Bottom Wear,https://www.snapdeal.com/products/baby-clothing-bottomwear,,,
p,Innerwear & Nightwear,,,,
a,Innerwear & Nightwear,https://www.snapdeal.com/products/baby-clothing-innerwear-nightwear,,,
p,Baby Care,,,,
a,Baby Care,https://www.snapdeal.com/products/baby-care?sort=plrty,,,
p,Baby Mosquito Nets,,,,
a,Baby Mosquito Nets,https://www.snapdeal.com/products/baby-mosquito-nets?sort=plrty,,,
p,Baby Blankets,,,,
a,Baby Blankets,https://www.snapdeal.com/products/baby-blankets-quilts?sort=plrty,,,
p,Baby Carriers,,,,
a,Baby Carriers,https://www.snapdeal.com/products/baby-carriers?sort=plrty,,,
p,Baby Strollers,,,,
a,Baby Strollers,https://www.snapdeal.com/products/kids-strollers?sort=plrty,,,
p,Walkers,,,,
a,Walkers,https://www.snapdeal.com/products/kids-walkers?sort=plrty,,,
p,Feeding & Nursing,,,,
a,Feeding & Nursing,https://www.snapdeal.com/products/kids-toys-baby-feeding?sort=plrty,,,
p,Lab Equipment,,,,
a,Lab Equipment,https://www.snapdeal.com/products/office-equipment-lab?sort=plrty,,,
p,Stationery,,,,
a,Stationery,https://www.snapdeal.com/products/stationery?sort=plrty,,,
p,Pens & Markers,,,,
a,Pens & Markers,http://www.snapdeal.com/products/stationery-pens-marker?sort=plrty,,,
p,Pencil Boxes,,,,
a,Pencil Boxes,https://www.snapdeal.com/products/stationery-school-supplies-pencil-boxes?sort=plrty,,,
p,Files & Folders,,,,
a,Files & Folders,https://www.snapdeal.com/products/stationery-basic-supplies-files-folders?sort=plrty,,,
p,Calculators,,,,
a,Calculators,http://www.snapdeal.com/products/stationery-calculators?sort=plrty,,,
p,Diaries & Planners,,,,
a,Diaries & Planners,https://www.snapdeal.com/products/stationery-basic-supplies-diaries-planners?sort=plrty,,,
p,Printing Papers,,,,
a,Printing Papers,https://www.snapdeal.com/products/stationery-basic-supplies-printing-papers?sort=plrty,,,
p,Notebooks & Writing Pads,,,,
a,Notebooks & Writing Pads,https://www.snapdeal.com/products/stationery-basic-supplies-notebooks-writing-pads?sort=plrty,,,
p,Art & Craft Supplies,,,,
a,Art & Craft Supplies,http://www.snapdeal.com/products/stationery-art-craft-supplies,,,
p,Photo Papers,,,,
a,Photo Papers,https://www.snapdeal.com/products/stationery-basic-supplies-photo-paper?sort=plrty,,,
p,Tapes,,,,
a,Tapes,https://www.snapdeal.com/products/stationery-basic-supplies-tapes?sort=plrty,,,
p,Card Holders,,,,
a,Card Holders,https://www.snapdeal.com/products/stationery-basic-supplies-card-holders?sort=plrty,,,
p,Staplers,,,,
a,Staplers,https://www.snapdeal.com/products/stationery-basic-supplies-staplers-punches?sort=plrty,,,
p,,,,,
a,,,,,
p,,,,,
a,,,,,
a,,https://www.snapdeal.com/products/kids-clothing?q=Brand%3ACherokee%5EColt%5EDonuts%5EKarigaari%7Cdiscount%3A30%20-%2040%5E40%20-%2050%7C&sort=plrty,,,
img,,,,,
a,"Beauty, Health & Daily Needs",javascript:void(0);,,,
p,Beauty,,,,
a,Beauty,https://www.snapdeal.com/products/beauty,,,
p,Face,,,,
a,Face,https://www.snapdeal.com/products/make-up-face?sort=plrty,,,
p,Eyes,,,,
a,Eyes,https://www.snapdeal.com/products/make-up-eyes?sort=plrty,,,
p,Lips,,,,
a,Lips,https://www.snapdeal.com/products/make-up-lips?sort=plrty,,,
p,Nails,,,,
a,Nails,https://www.snapdeal.com/products/make-up-nails?sort=plrty,,,
p,Makeup Palettes,,,,
a,Makeup Palettes,https://www.snapdeal.com/products/makeup-kits?sort=plrty,,,
p,Brushes & Applicators,,,,
a,Brushes & Applicators,https://www.snapdeal.com/products/make-up-brushes-applicators?sort=plrty,,,
p,Personal Care & Grooming,,,,
a,Personal Care & Grooming,https://www.snapdeal.com/products/personal-care-grooming,,,
p,Skin Care,,,,
a,Skin Care,https://www.snapdeal.com/products/perfumes-beauty-skin-care?sort=plrty,,,
p,Hair Care,,,,
a,Hair Care,https://www.snapdeal.com/products/perfumes-beauty-hair-care?sort=plrty,,,
p,Bath & Shower,,,,
a,Bath & Shower,https://www.snapdeal.com/products/beauty-bath-shower?sort=plrty,,,
p,Oral Care,,,,
a,Oral Care,https://www.snapdeal.com/products/perfumes-beauty-oral-care?sort=plrty,,,
p,Men's Grooming,,,,
a,Men's Grooming,https://www.snapdeal.com/products/perfumes-beauty-mens-grooming?sort=plrty,,,
p,Feminine Hygiene,,,,
a,Feminine Hygiene,https://www.snapdeal.com/products/perfumes-beauty-feminine-care?sort=plrty,,,
p,Waxing & Hair Removal,,,,
a,Waxing & Hair Removal,https://www.snapdeal.com/products/personal-care-waxing-hair-removal?sort=plrty,,,
p,Deodorants & Roll-ons,,,,
a,Deodorants & Roll-ons,https://www.snapdeal.com/products/deodorants-roll-on?sort=plrty,,,
p,Sexual Wellness,,,,
a,Sexual Wellness,https://www.snapdeal.com/products/sexual-wellness,,,
p,Condoms,,,,
a,Condoms,https://www.snapdeal.com/products/sexual-wellness-condoms?sort=plrty,,,
p,Lubes,,,,
a,Lubes,https://www.snapdeal.com/products/sexual-wellness-lubricants,,,
p,Adult Sex Toys,,,,
a,Adult Sex Toys,https://www.snapdeal.com/products/sexual-wellness-toys,,,
p,Performance & Enlargement,,,,
a,Performance & Enlargement,https://www.snapdeal.com/products/sexual-wellness-performance-enlargement,,,
p,Sexy Lingerie,,,,
a,Sexy Lingerie,https://www.snapdeal.com/products/sexy-lingerie-nightwear-role-play,,,
p,,,,,
a,,,,,
p,Food and Gourmet,,,,
a,Food and Gourmet,https://www.snapdeal.com/products/food,,,
p,"Tea, Coffee & Beverages",,,,
a,"Tea, Coffee & Beverages",https://www.snapdeal.com/products/food-tea-coffee-beverages,,,
p,"Noodles, Soups & Pastas",,,,
a,"Noodles, Soups & Pastas",https://www.snapdeal.com/products/food-noodles-soups-pasta,,,
p,Biscuits,,,,
a,Biscuits,https://www.snapdeal.com/products/food-biscuits-snacks,,,
p,Breakfast Foods,,,,
a,Breakfast Foods,https://www.snapdeal.com/products/food-breakfast,,,
p,Ready To Cook & Eat,,,,
a,Ready To Cook & Eat,https://www.snapdeal.com/products/food-ready-to-cook-eat,,,
p,Sauces & Dressings,,,,
a,Sauces & Dressings,https://www.snapdeal.com/products/food-sauces-dressings,,,
p,Baking Essentials,,,,
a,Baking Essentials,https://www.snapdeal.com/products/food-baking-essentials,,,
p,Chocolates & Candies,,,,
a,Chocolates & Candies,https://www.snapdeal.com/products/food-chocolates-mints,,,
p,"Staples, Oils & Spices",,,,
a,"Staples, Oils & Spices",https://www.snapdeal.com/products/food-staples-oils-spices,,,
p,Dry Fruits & Gifts Boxes,,,,
a,Dry Fruits & Gifts Boxes,https://www.snapdeal.com/products/food-dry-fruits-nuts-gifts-boxes,,,
p,Nutrition & Supplements,,,,
a,Nutrition & Supplements,https://www.snapdeal.com/products/dietary-supplements,,,
p,Proteins,,,,
a,Proteins,https://www.snapdeal.com/products/health-nutrition-proteins?sort=plrty,,,
p,Vitamins & Minerals,,,,
a,Vitamins & Minerals,https://www.snapdeal.com/products/health-supplements?sort=plrty,,,
p,Health Drinks,,,,
a,Health Drinks,https://www.snapdeal.com/products/health-supplements-family-nutrition-health-drinks?sort=plrty,,,
p,Meal Replacements,,,,
a,Meal Replacements,https://www.snapdeal.com/products/health-supplements-meals-replacements?sort=plrty,,,
p,Weight Gainers,,,,
a,Weight Gainers,https://www.snapdeal.com/products/health-nutrition-proteins-supplements-gainers?sort=plrty,,,
p,Workout Supplements,,,,
a,Workout Supplements,https://www.snapdeal.com/products/health-nutrition-proteins-supplements-pre-workout?sort=plrty,,,
p,Muscle Support,,,,
a,Muscle Support,https://www.snapdeal.com/products/health-nutrition-proteins-supplements-post-workout?sort=plrty,,,
p,Shakers,,,,
a,Shakers,https://www.snapdeal.com/products/health-nutrition-proteins-supplements-shaker?sort=plrty,,,
p,,,,,
a,,,,,
p,,,,,
a,,,,,
p,,,,,
a,,,,,
p,Health Monitoring Devices,,,,
a,Health Monitoring Devices,https://www.snapdeal.com/products/health-monitors-devices,,,
p,BP Monitors,,,,
a,BP Monitors,https://www.snapdeal.com/products/health-heart-rate-bp-monitor?sort=plrty,,,
p,Diabetic Care,,,,
a,Diabetic Care,https://www.snapdeal.com/products/health-diabetes-care,,,
p,Weighing Scales,,,,
a,Weighing Scales,https://www.snapdeal.com/products/health-monitoring-weighing-scales?sort=plrty,,,
p,Body Fat Analysers,,,,
a,Body Fat Analysers,https://www.snapdeal.com/products/health-monitoring-devices-body-fat-analyzers,,,
p,Respiratory & Heart Care,,,,
a,Respiratory & Heart Care,https://www.snapdeal.com/products/heath-devices-respiratory-care?sort=plrty,,,
p,Thermometers,,,,
a,Thermometers,https://www.snapdeal.com/products/heath-devices-thermometers?sort=plrty,,,
p,General Wellness,,,,
a,General Wellness,https://www.snapdeal.com/products/daily-needs-general-wellness,,,
p,Massagers & Pain Relief,,,,
a,Massagers & Pain Relief,https://www.snapdeal.com/products/health-massagers-pain-relief?sort=plrty,,,
p,Mobility Rehabilitation,,,,
a,Mobility Rehabilitation,https://www.snapdeal.com/products/general-wellness-mobility-aids-safety?sort=plrty,,,
p,First Aid,,,,
a,First Aid,https://www.snapdeal.com/products/general-wellness-first-aid?sort=plrty,,,
p,Nicotine Gums,,,,
a,Nicotine Gums,https://www.snapdeal.com/products/health-smoking-cessation-nicotine-gums?sort=plrty,,,
p,Baby Care,,,,
a,Baby Care,http://www.snapdeal.com/products/baby-care,,,
p,Diapers & Potty Training,,,,
a,Diapers & Potty Training,https://www.snapdeal.com/products/kids-toys-diapers,,,
p,"Bath, Skin & Health Care",,,,
a,"Bath, Skin & Health Care",https://www.snapdeal.com/products/kids-toys-infant-care,,,
p,Baby Food,,,,
a,Baby Food,https://www.snapdeal.com/products/baby-food,,,
p,Household Essentials,,,,
a,Household Essentials,https://www.snapdeal.com/products/household-essentials,,,
p,Detergents & Fabric Care,,,,
a,Detergents & Fabric Care,https://www.snapdeal.com/products/household-essentials-detergents-fabric-care,,,
p,House & Kitchen Cleaners,,,,
a,House & Kitchen Cleaners,https://www.snapdeal.com/products/household-essentials-house-kitchen-cleaners,,,
p,Repellents,,,,
a,Repellents,https://www.snapdeal.com/products/household-essentials-repellents,,,
p,Air Fresheners,,,,
a,Air Fresheners,https://www.snapdeal.com/products/perfumes-beauty-car-perfumes-air-freshners?sort=plrty,,,
p,,,,,
a,,,,,
p,,,,,
a,,,,,
a,,https://www.snapdeal.com/products/daily-needs/?q=HighConversion_s%3AHC%7ChpsaScore_tf1%3A1%7C&showAds=false&sort=plrty,,,
img,,,,,
a,Automotives,javascript:void(0);,,,
p,Automotive Accessories,,,,
a,Automotive Accessories,https://www.snapdeal.com/products/automotive,,,
p,Car & Vehicle Electronics,,,,
a,Car & Vehicle Electronics,https://www.snapdeal.com/products/car-vehicle-electronics?sort=plrty,,,
p,Car Stereos & Monitors,,,,
a,Car Stereos & Monitors,https://www.snapdeal.com/products/car-stereos-monitors?sort=plrty,,,
p,Car Speakers & Tweeters,,,,
a,Car Speakers & Tweeters,https://www.snapdeal.com/products/car-speakers?sort=plrty,,,
p,Bluetooth Devices,,,,
a,Bluetooth Devices,https://www.snapdeal.com/products/car-bluetooth-devices?sort=plrty,,,
p,Car GPS Navigation,,,,
a,Car GPS Navigation,https://www.snapdeal.com/products/gps-tracking-devices?sort=plrty,,,
p,View All,,,,
a,View All,https://www.snapdeal.com/products/car-vehicle-electronics?sort=plrty,,,
p,Car Accessories,,,,
a,Car Accessories,https://www.snapdeal.com/products/automotive-car-interior,,,
p,Car Body Covers,,,,
a,Car Body Covers,https://www.snapdeal.com/products/car-exterior-accessories-car-body-covers,,,
p,Car Mobile Chargers,,,,
a,Car Mobile Chargers,https://www.snapdeal.com/products/car-interior-accessories/filters/Type_s~Car%20Mobile%20Chargers?sort=plrty,,,
p,Car Mobile Holders,,,,
a,Car Mobile Holders,https://www.snapdeal.com/products/automotive-car-interior/filters/Type_s~Car%20Mobile%20Holders?sort=plrty,,,
p,Car Foot Mats,,,,
a,Car Foot Mats,https://www.snapdeal.com/products/car-interior-accessories-car-mats?sort=plrty,,,
p,Tyre Inflators,,,,
a,Tyre Inflators,https://www.snapdeal.com/products/car-exterior-accessories-tyre-inflators?sort=plrty,,,
p,,,,,
a,,,,,
p,,,,,
a,,,,,
p,,,,,
a,,,,,
p,,,,,
a,,,,,
p,,,,,
a,,,,,
p,,,,,
a,,,,,
p,,,,,
a,,,,,
p,,,,,
a,,,,,
p,,,,,
a,,,,,
p,,,,,
a,,,,,
p,Car Fresheners,,,,
a,Car Fresheners,https://www.snapdeal.com/products/car-freshners?sort=plrty,,,
p,Air Purifiers & Ionizers,,,,
a,Air Purifiers & Ionizers,https://www.snapdeal.com/products/car-air-purifiers-lonizers?sort=plrty,,,
p,Biker Gear & Accessories,,,,
a,Biker Gear & Accessories,https://www.snapdeal.com/products/automotive-bike-accessories,,,
p,Bike Body Covers,,,,
a,Bike Body Covers,https://www.snapdeal.com/products/automotive-bike-accessories-bike-body-covers,,,
p,Biker Protective Gear,,,,
a,Biker Protective Gear,https://www.snapdeal.com/products/biker-protective-gear,,,
p,Biker Raincoats,,,,
a,Biker Raincoats,https://www.snapdeal.com/products/biker-protective-gear-rain-coats?sort=plrty,,,
p,Helmets & Accessories,,,,
a,Helmets & Accessories,https://www.snapdeal.com/products/automotive-helmets,,,
p,Helmet Accessories,,,,
a,Helmet Accessories,https://www.snapdeal.com/products/bike-helmets-locks-accessories?sort=plrty,,,
p,Parts & Spares,,,,
a,Parts & Spares,https://www.snapdeal.com/products/automotive-car-parts,,,
p,Filters,,,,
a,Filters,https://www.snapdeal.com/products/automotive-filters,,,
p,Lighting,,,,
a,Lighting,https://www.snapdeal.com/products/automotive-lighting-electrical,,,
p,External Parts,,,,
a,External Parts,https://www.snapdeal.com/products/automotive-exterior-parts?sort=plrty&,,,
p,,,,,
a,,,,,
p,,,,,
a,,,,,
p,,,,,
a,,,,,
p,,,,,
a,,,,,
p,,,,,
a,,,,,
p,,,,,
a,,,,,
p,,,,,
a,,,,,
p,,,,,
a,,,,,
p,,,,,
a,,,,,
p,,,,,
a,,,,,
p,,,,,
a,,,,,
p,Tyres & Alloys,,,,
a,Tyres & Alloys,https://www.snapdeal.com/products/automotive-car-wheels-tyres,,,
p,Car Tyres,,,,
a,Car Tyres,https://www.snapdeal.com/products/passenger-car-tyres,,,
p,Bike Tyres,,,,
a,Bike Tyres,https://www.snapdeal.com/products/two-wheeler-tyres,,,
p,,,,,
a,,,,,
p,,,,,
a,,,,,
p,,,,,
a,,,,,
p,,,,,
a,,,,,
p,,,,,
a,,,,,
p,,,,,
a,,,,,
p,,,,,
a,,,,,
p,,,,,
a,,,,,
p,,,,,
a,,,,,
p,,,,,
a,,,,,
p,,,,,
a,,,,,
p,,,,,
a,,,,,
p,,,,,
a,,,,,
p,,,,,
a,,,,,
p,,,,,
a,,,,,
p,,,,,
a,,,,,
p,,,,,
a,,,,,
p,,,,,
a,,,,,
p,,,,,
a,,,,,
p,,,,,
a,,,,,
a,,https://www.snapdeal.com/offers/car_store,,,
img,,,,,
a,Mobile & Accessories,javascript:void(0);,,,
p,Mobile Cases & Covers,,,,
a,Mobile Cases & Covers,https://www.snapdeal.com/products/mobiles-cases-covers,,,
p,Printed Back Covers,,,,
a,Printed Back Covers,https://www.snapdeal.com/products/mobiles-printed-back-covers?sort=plrty,,,
p,Plain Back Covers,,,,
a,Plain Back Covers,https://www.snapdeal.com/products/mobiles-plain-back-covers?sort=plrty,,,
p,Flip Covers,,,,
a,Flip Covers,https://www.snapdeal.com/products/mobiles-flip-cases-covers?sort=plrty,,,
p,View All,,,,
a,View All,https://www.snapdeal.com/products/mobiles-cases-covers?sort=plrty,,,
p,Power Banks,,,,
a,Power Banks,https://www.snapdeal.com/products/mobiles-power-banks,,,
p,Ambrane,,,,
a,Ambrane,https://www.snapdeal.com/brand/ambrane/mobiles-power-banks?sort=plrty,,,
p,Intex,,,,
a,Intex,https://www.snapdeal.com/products/mobiles-power-banks?sort=plrty&q=Brand%3AIntex%7C#bcrumbLabelId:673,,,
p,Syska,,,,
a,Syska,https://www.snapdeal.com/brand/syska/mobiles-power-banks?sort=plrty,,,
p,,,,,
a,,,,,
p,,,,,
a,,,,,
p,,,,,
a,,,,,
p,,,,,
a,,,,,
p,,,,,
a,,,,,
p,,,,,
a,,,,,
p,,,,,
a,,,,,
p,,,,,
a,,,,,
p,,,,,
a,,,,,
p,,,,,
a,,,,,
p,,,,,
a,,,,,
p,,,,,
a,,,,,
p,,,,,
a,,,,,
p,,,,,
a,,,,,
p,Mobile Accessories,,,,
a,Mobile Accessories,https://www.snapdeal.com/products/mobiles-accessories,,,
p,Screen Guards,,,,
a,Screen Guards,https://www.snapdeal.com/products/mobiles-screen-guards,,,
p,Cables & Chargers,,,,
a,Cables & Chargers,https://www.snapdeal.com/products/mobiles-cables-chargers,,,
p,Selfie Sticks,,,,
a,Selfie Sticks,https://www.snapdeal.com/products/mobiles-selfie-sticks,,,
p,Bluetooth Devices,,,,
a,Bluetooth Devices,https://www.snapdeal.com/products/mobiles-bluetooth?sort=plrty,,,
p,View All,,,,
a,View All,https://www.snapdeal.com/products/mobiles-accessories,,,
p,Life Like,,,,
a,Life Like,https://www.snapdeal.com/products/mobiles-wearables-smartwatches?sort=plth&q=Brand%3ALife%20Like%7CavgRating%3A3.0%7C,,,
p,Top Selling Wearables,,,,
a,Top Selling Wearables,https://www.snapdeal.com/products/mobiles-wearables-smartwatches?sort=plrty&q=Brand%3AIntex%5ENoise%5EMI%5ESamsung%5EAsus%5EFastrack%5EFitbit%5EGarmin%5EHuawei%20Honor%7C,,,
p,Memory Cards,,,,
a,Memory Cards,https://www.snapdeal.com/products/mobiles-memory-cards?sort=plrty,,,
p,,,,,
a,,,,,
p,,,,,
a,,,,,
p,,,,,
a,,,,,
p,,,,,
a,,,,,
p,,,,,
a,,,,,
p,,,,,
a,,,,,
p,,,,,
a,,,,,
p,,,,,
a,,,,,
p,,,,,
a,,,,,
p,,,,,
a,,,,,
p,,,,,
a,,,,,
p,,,,,
a,,,,,
p,,,,,
a,,,,,
p,,,,,
a,,,,,
p,,,,,
a,,,,,
p,,,,,
a,,,,,
p,,,,,
a,,,,,
p,,,,,
a,,,,,
p,,,,,
a,,,,,
p,,,,,
a,,,,,
p,,,,,
a,,,,,
p,,,,,
a,,,,,
p,,,,,
a,,,,,
p,,,,,
a,,,,,
p,,,,,
a,,,,,
p,,,,,
a,,,,,
p,,,,,
a,,,,,
p,,,,,
a,,,,,
p,,,,,
a,,,,,
p,,,,,
a,,,,,
p,,,,,
a,,,,,
p,,,,,
a,,,,,
p,,,,,
a,,,,,
p,,,,,
a,,,,,
p,,,,,
a,,,,,
p,,,,,
a,,,,,
p,,,,,
a,,,,,
a,Electronics,javascript:void(0);,,,
p,Speakers,,,,
a,Speakers,https://www.snapdeal.com/products/electronics-speakers,,,
p,Home Audio Systems,,,,
a,Home Audio Systems,https://www.snapdeal.com/products/electronics-home-audio-systems,,,
p,Bluetooth Speakers,,,,
a,Bluetooth Speakers,https://www.snapdeal.com/products/electronics-bluetooth-speakers?sort=plrty,,,
p,2.0 Speakers,,,,
a,2.0 Speakers,https://www.snapdeal.com/products/computers-speakers,,,
p,Headphone & Earphones,,,,
a,Headphone & Earphones,https://www.snapdeal.com/products/electronic-headphones-earphones?sort=plrty,,,
p,Headphones,,,,
a,Headphones,https://www.snapdeal.com/products/electronics-headphones?sort=plrty,,,
p,Earphones,,,,
a,Earphones,https://www.snapdeal.com/products/electronics-earphones?sort=plrty,,,
p,Headsets with mic,,,,
a,Headsets with mic,https://www.snapdeal.com/products/computers-headphones-mics?sort=plrty,,,
p,Audio & Video,,,,
a,Audio & Video,https://www.snapdeal.com/products/electronic,,,
p,MP3 & Media Players,,,,
a,MP3 & Media Players,https://www.snapdeal.com/products/electronics-mp3-media-players?sort=plrty,,,
p,Projectors,,,,
a,Projectors,https://www.snapdeal.com/products/electronics-projectors?sort=plrty,,,
p,Audio & Video Accessories,,,,
a,Audio & Video Accessories,https://www.snapdeal.com/products/electronics-audio-video-accessories?sort=plrty,,,
p,,,,,
a,,,,,
p,,,,,
a,,,,,
p,,,,,
a,,,,,
p,,,,,
a,,,,,
p,,,,,
a,,,,,
p,,,,,
a,,,,,
p,,,,,
a,,,,,
p,,,,,
a,,,,,
p,,,,,
a,,,,,
p,,,,,
a,,,,,
p,,,,,
a,,,,,
p,All Large Appliances,,,,
a,All Large Appliances,http://www.snapdeal.com/products/appliances-large,,,
p,Geysers,,,,
a,Geysers,https://www.snapdeal.com/products/geysers?sort=plrty,,,
p,Immersion Rods,,,,
a,Immersion Rods,https://www.snapdeal.com/products/immersion-rod?sort=plrty,,,
p,Room Heaters,,,,
a,Room Heaters,https://www.snapdeal.com/products/room-heaters?sort=plrty,,,
p,Fans,,,,
a,Fans,https://www.snapdeal.com/products/appliances-fans,,,
p,Ceiling Fans,,,,
a,Ceiling Fans,https://www.snapdeal.com/products/appliances-ceiling-fans?q=Price%3A999%2C7000%7ChpsaScore_tf1%3A1%7C&sort=plrty,,,
p,Table Fans,,,,
a,Table Fans,https://www.snapdeal.com/products/appliances-table-fans?sort=plrty&q=avgRating%3A3.0%7C,,,
p,Exhaust Fans,,,,
a,Exhaust Fans,https://www.snapdeal.com/products/appliances-exhaust-fans?sort=plrty&q=avgRating%3A3.0%7C,,,
p,,,,,
a,,,,,
p,,,,,
a,,,,,
p,,,,,
a,,,,,
p,,,,,
a,,,,,
p,,,,,
a,,,,,
p,,,,,
a,,,,,
p,,,,,
a,,,,,
p,,,,,
a,,,,,
p,,,,,
a,,,,,
p,,,,,
a,,,,,
p,,,,,
a,,,,,
p,,,,,
a,,,,,
p,,,,,
a,,,,,
p,,,,,
a,,,,,
p,,,,,
a,,,,,
p,Home Appliances,,,,
a,Home Appliances,https://www.snapdeal.com/products/appliances-home,,,
p,Microwaves & OTG,,,,
a,Microwaves & OTG,https://www.snapdeal.com/products/appliances-microwave-ovens-otgs?sort=plrty,,,
p,Air Purifiers,,,,
a,Air Purifiers,https://www.snapdeal.com/products/appliances-air-purifiers,,,
p,Vacuum Cleaners,,,,
a,Vacuum Cleaners,https://www.snapdeal.com/products/appliances-vacuum-cleaners,,,
p,Irons,,,,
a,Irons,https://www.snapdeal.com/products/appliances-iron,,,
p,Landline Phones,,,,
a,Landline Phones,https://www.snapdeal.com/products/electronic-telephones,,,
p,Home Security Systems,,,,
a,Home Security Systems,https://www.snapdeal.com/products/appliances-home-security,,,
p,Sewing Machines,,,,
a,Sewing Machines,https://www.snapdeal.com/products/appliances-outdoor-utility-appliances,,,
p,Grooming Appliances,,,,
a,Grooming Appliances,http://www.snapdeal.com/products/appliances-personal-care-appliances,,,
p,Trimmers,,,,
a,Trimmers,http://www.snapdeal.com/products/trimmers,,,
p,Shavers,,,,
a,Shavers,https://www.snapdeal.com/products/shavers,,,
p,Hair Dryers,,,,
a,Hair Dryers,http://www.snapdeal.com/products/hair-dryers,,,
p,Hair Straighteners,,,,
a,Hair Straighteners,https://www.snapdeal.com/products/hair-straightners,,,
p,Hair Curlers & More,,,,
a,Hair Curlers & More,https://www.snapdeal.com/products/hair-stylers,,,
p,,,,,
a,,,,,
p,,,,,
a,,,,,
p,,,,,
a,,,,,
p,,,,,
a,,,,,
p,,,,,
a,,,,,
p,,,,,
a,,,,,
p,,,,,
a,,,,,
p,,,,,
a,,,,,
p,,,,,
a,,,,,
a,"Sports, Fitness & Outdoor",javascript:void(0);,,,
p,Sports & Fitness,,,,
a,Sports & Fitness,https://www.snapdeal.com/products/sports-hobbies,,,
p,Get Fit At Home,,,,
a,Get Fit At Home,https://www.snapdeal.com/products/sports-hobbies-fitness?sort=plrty,,,
p,Home Gym,,,,
a,Home Gym,https://www.snapdeal.com/products/fitness-equipment-home-gym,,,
p,Dumbbells,,,,
a,Dumbbells,https://www.snapdeal.com/products/fitness-equipment-dumbbells,,,
p,Treadmills,,,,
a,Treadmills,https://www.snapdeal.com/products/fitness-equipment-treadmills,,,
p,Abdominal Exercisers,,,,
a,Abdominal Exercisers,https://www.snapdeal.com/products/fitness-equipment-abdominal-exerciser,,,
p,Exercise Bikes,,,,
a,Exercise Bikes,https://www.snapdeal.com/products/fitness-equipment-exercise-bikes,,,
p,Yoga Mats,,,,
a,Yoga Mats,https://www.snapdeal.com/products/sports-hobbies-fitness-accessories-yoga-mats?sort=plrty,,,
p,Exercise Benches,,,,
a,Exercise Benches,https://www.snapdeal.com/products/fitness-equipment-exercise-benches,,,
p,Weighing Scales,,,,
a,Weighing Scales,https://www.snapdeal.com/products/sports-hobbies-fitness-accessories-weighing-scales?sort=plrty&showAds=false,,,
p,View All,,,,
a,View All,https://www.snapdeal.com/products/sports-hobbies-fitness?sort=plrty,,,
p,Get Ready For Gym,,,,
a,Get Ready For Gym,javascript:void(0);,,,
p,Sports Footwear,,,,
a,Sports Footwear,https://www.snapdeal.com/products/sports-hobbies-running?sort=plrty,,,
p,Fitness Gadgets,,,,
a,Fitness Gadgets,https://www.snapdeal.com/products/fitness-gadgets,,,
p,Sippers,,,,
a,Sippers,https://www.snapdeal.com/products/sports-hobbies-fitness-accessories-sippers-bottles-shakers?sort=plrty,,,
p,Gym Gloves,,,,
a,Gym Gloves,https://www.snapdeal.com/products/sports-hobbies-fitness-accessories-gym-gloves,,,
p,Sports Nutrition,,,,
a,Sports Nutrition,https://www.snapdeal.com/products/health-nutrition,,,
p,Gym Bags,,,,
a,Gym Bags,https://www.snapdeal.com/products/sports-hobbies-fitness-accessories-gym-bags?sort=plrty,,,
p,,,,,
a,,,,,
p,,,,,
a,,,,,
p,,,,,
a,,,,,
p,,,,,
a,,,,,
p,,,,,
a,,,,,
p,Sports,,,,
a,Sports,https://www.snapdeal.com/products/sports-hobbies-sports?sort=plrty,,,
p,Running,,,,
a,Running,https://www.snapdeal.com/products/sports-hobbies-running?sort=plrty,,,
p,Cricket,,,,
a,Cricket,https://www.snapdeal.com/products/sports-hobbies-cricket,,,
p,Kids Cycles,,,,
a,Kids Cycles,https://www.snapdeal.com/products/sports-bicycles?sort=plrty&q=Seniority_s%3AKids%7C,,,
p,Adult Cycles,,,,
a,Adult Cycles,https://www.snapdeal.com/products/sports-bicycles?sort=plrty&q=Seniority_s%3AAdult%7C,,,
p,Bicycle Accessories,,,,
a,Bicycle Accessories,https://www.snapdeal.com/products/bicycles-spare-parts-accessories?sort=plrty,,,
p,Badminton,,,,
a,Badminton,https://www.snapdeal.com/products/sports-hobbies-badminton?sort=plrty,,,
p,Football,,,,
a,Football,https://www.snapdeal.com/products/sports-hobbies-football,,,
p,Basketball,,,,
a,Basketball,https://www.snapdeal.com/products/sports-hobbies-basketball?sort=plrty&showAds=false,,,
p,Skating,,,,
a,Skating,https://www.snapdeal.com/products/sports-hobbies-skating?sort=plrty,,,
p,Archery and Shooting,,,,
a,Archery and Shooting,https://www.snapdeal.com/products/sports-archery?sort=plrty&showAds=false,,,
p,View All,,,,
a,View All,https://www.snapdeal.com/products/sports-hobbies-sports?sort=plrty,,,
p,Hiking & Outdoor,,,,
a,Hiking & Outdoor,https://www.snapdeal.com/products/sports-hobbies-outdoor-adventure-gear?sort=plrty,,,
p,Knives & Tools,,,,
a,Knives & Tools,https://www.snapdeal.com/products/sports-hobbies-outdoor-adventure-gear-hiking-camping-tools-knives?sort=plrty,,,
p,Backpacks,,,,
a,Backpacks,https://www.snapdeal.com/products/lifestyle-backpacks,,,
p,Hiking Bags,,,,
a,Hiking Bags,https://www.snapdeal.com/products/bags-hiking-rucksacks,,,
p,Luggage & Suitcases,,,,
a,Luggage & Suitcases,https://www.snapdeal.com/products/lifestyle-luggage?sort=plrty,,,
p,Travel Accessories,,,,
a,Travel Accessories,https://www.snapdeal.com/products/lifestyle-travel-accessories,,,
p,View All,,,,
a,View All,https://www.snapdeal.com/products/sports-hobbies-outdoor-adventure-gear?sort=plrty,,,
p,,,,,
a,,,,,
p,,,,,
a,,,,,
p,,,,,
a,,,,,
p,,,,,
a,,,,,
p,,,,,
a,,,,,
p,,,,,
a,,,,,
p,,,,,
a,,,,,
p,,,,,
a,,,,,
p,,,,,
a,,,,,
p,,,,,
a,,,,,
p,,,,,
a,,,,,
p,,,,,
a,,,,,
p,,,,,
a,,,,,
p,,,,,
a,,,,,
p,,,,,
a,,,,,
p,,,,,
a,,,,,
p,,,,,
a,,,,,
p,,,,,
a,,,,,
p,,,,,
a,,,,,
p,,,,,
a,,,,,
p,,,,,
a,,,,,
p,,,,,
a,,,,,
p,,,,,
a,,,,,
p,,,,,
a,,,,,
p,,,,,
a,,,,,
p,,,,,
a,,,,,
p,,,,,
a,,,,,
a,Computers & Gaming,javascript:void(0);,,,
p,Printer Inks & Toners,,,,
a,Printer Inks & Toners,https://www.snapdeal.com/products/computers-cartridges-toners,,,
p,Storage,,,,
a,Storage,https://www.snapdeal.com/products/storage-devices,,,
p,External Hard Drives,,,,
a,External Hard Drives,https://www.snapdeal.com/products/computers-external-hard-drives?sort=plrty,,,
p,Memory cards,,,,
a,Memory cards,https://www.snapdeal.com/products/storage-memory-cards?sort=plrty,,,
p,Pen Drives,,,,
a,Pen Drives,https://www.snapdeal.com/products/computers-pen-drives,,,
p,SSD,,,,
a,SSD,https://www.snapdeal.com/products/solid-state-drives?sort=plrty,,,
p,Networking Devices,,,,
a,Networking Devices,https://www.snapdeal.com/products/networking-connected-devices?sort=plrty,,,
p,Data Cards,,,,
a,Data Cards,https://www.snapdeal.com/products/computers-data-cards?sort=plrty,,,
p,Dongles,,,,
a,Dongles,https://www.snapdeal.com/products/computers-data-cards?sort=plrty,,,
p,Routers,,,,
a,Routers,https://www.snapdeal.com/products/routers?sort=plrty,,,
p,Office Equipment & Supply,,,,
a,Office Equipment & Supply,https://www.snapdeal.com/products/office-equipment-supplies,,,
p,,,,,
a,,,,,
p,,,,,
a,,,,,
p,,,,,
a,,,,,
p,,,,,
a,,,,,
p,,,,,
a,,,,,
p,,,,,
a,,,,,
p,,,,,
a,,,,,
p,,,,,
a,,,,,
p,,,,,
a,,,,,
p,,,,,
a,,,,,
p,,,,,
a,,,,,
p,,,,,
a,,,,,
p,Computer Accessories,,,,
a,Computer Accessories,https://www.snapdeal.com/products/computers-computer-accessories,,,
p,Keyboards,,,,
a,Keyboards,https://www.snapdeal.com/products/computers-keyboard,,,
p,Mouse,,,,
a,Mouse,https://www.snapdeal.com/products/computers-mouse,,,
p,Webcams,,,,
a,Webcams,https://www.snapdeal.com/products/computers-webcams?sort=plrty,,,
p,Laptop Skins,,,,
a,Laptop Skins,https://www.snapdeal.com/products/laptop-skins?sort=plrty,,,
p,Cooling Pads,,,,
a,Cooling Pads,https://www.snapdeal.com/products/computers-cooling-pads?sort=plrty,,,
p,Extension Cords,,,,
a,Extension Cords,https://www.snapdeal.com/products/surge-protectors?sort=plrty,,,
p,View All,,,,
a,View All,https://www.snapdeal.com/products/computers-computer-accessories,,,
p,,,,,
a,,,,,
p,,,,,
a,,,,,
p,,,,,
a,,,,,
p,,,,,
a,,,,,
p,,,,,
a,,,,,
p,,,,,
a,,,,,
p,,,,,
a,,,,,
p,,,,,
a,,,,,
p,,,,,
a,,,,,
p,,,,,
a,,,,,
p,,,,,
a,,,,,
p,,,,,
a,,,,,
p,,,,,
a,,,,,
p,,,,,
a,,,,,
p,,,,,
a,,,,,
p,Gaming,,,,
a,Gaming,https://www.snapdeal.com/products/gaming,,,
p,Gaming Accessories,,,,
a,Gaming Accessories,https://www.snapdeal.com/products/gaming-accessories?sort=plrty,,,
p,Gaming Titles,,,,
a,Gaming Titles,https://www.snapdeal.com/products/gaming-titles,,,
p,View All,,,,
a,View All,https://www.snapdeal.com/products/gaming?sort=plrty,,,
p,Computer Components,,,,
a,Computer Components,https://www.snapdeal.com/products/computers-components,,,
p,RAM,,,,
a,RAM,https://www.snapdeal.com/products/computers-ram,,,
p,Internal Hard Drive,,,,
a,Internal Hard Drive,https://www.snapdeal.com/products/computers-internal-hard-drives,,,
p,UPS,,,,
a,UPS,https://www.snapdeal.com/products/power-cooling-solution/filters/Type_s~UPS,,,
p,View All,,,,
a,View All,https://www.snapdeal.com/products/computers-components?sort=plrty,,,
p,Software,,,,
a,Software,https://www.snapdeal.com/products/computers-software-cd-roms?sort=plrty,,,
p,Antivirus,,,,
a,Antivirus,https://www.snapdeal.com/products/computers-software-security?sort=plrty,,,
p,Operating System,,,,
a,Operating System,https://www.snapdeal.com/products/computers-software-operating-system?sort=plrty,,,
p,View All,,,,
a,View All,https://www.snapdeal.com/products/computers-software-cd-roms?sort=bstslr,,,
p,,,,,
a,,,,,
p,,,,,
a,,,,,
p,,,,,
a,,,,,
p,,,,,
a,,,,,
p,,,,,
a,,,,,
p,,,,,
a,,,,,
p,,,,,
a,,,,,
p,,,,,
a,,,,,
p,,,,,
a,,,,,
p,,,,,
a,,,,,
a,"Books, Media & Music",javascript:void(0);,,,
p,View All Books,,,,
a,View All Books,https://www.snapdeal.com/products/books,,,
p,Top Exams,,,,
a,Top Exams,javascript:void(0);,,,
p,GATE,,,,
a,GATE,https://www.snapdeal.com/products/books-competitive-exams?sort=plrty&q=Exam_s%3AGATE%7C,,,
p,IIT JEE,,,,
a,IIT JEE,https://www.snapdeal.com/products/books-competitive-exams?sort=plrty&q=Exam_s%3AIIT%20JEE%7C,,,
p,NEET,,,,
a,NEET,https://www.snapdeal.com/products/books-competitive-exams?sort=plrty&q=Exam_s%3ANEET%7C,,,
p,BANK PO,,,,
a,BANK PO,https://www.snapdeal.com/products/books-competitive-exams?sort=plrty&q=Exam_s%3AIBPS%20PO%5ESBI%20PO%7C,,,
p,UGC Net,,,,
a,UGC Net,https://www.snapdeal.com/products/books-competitive-exams?sort=plrty&q=Exam_s%3AUGC%20NET%7C,,,
p,UPSC,,,,
a,UPSC,https://www.snapdeal.com/products/books-competitive-exams?sort=plrty&q=Exam_s%3AUPSC%7C,,,
p,Browse by genre,,,,
a,Browse by genre,https://www.snapdeal.com/products/books?sort=plrty,,,
p,School Texts,,,,
a,School Texts,https://www.snapdeal.com/products/books-school?sort=plrty,,,
p,Competitive Exams,,,,
a,Competitive Exams,https://www.snapdeal.com/products/books-competitive-exams?sort=plrty,,,
p,Academic & Professional,,,,
a,Academic & Professional,https://www.snapdeal.com/products/books-academic-professional?sort=plrty,,,
p,Children & Young Adults,,,,
a,Children & Young Adults,https://www.snapdeal.com/products/books-children-teen?sort=plrty,,,
p,Non-Fiction,,,,
a,Non-Fiction,https://www.snapdeal.com/products/non-fiction-books?sort=plrty,,,
p,Literature & Fiction,,,,
a,Literature & Fiction,https://www.snapdeal.com/products/books-fiction-literature?sort=plrty,,,
p,Self Help,,,,
a,Self Help,https://www.snapdeal.com/products/books-self-help?sort=plrty,,,
p,Reference,,,,
a,Reference,https://www.snapdeal.com/products/books-reference?sort=plrty,,,
p,Online Education,,,,
a,Online Education,https://www.snapdeal.com/products/e-learning?sort=plrty&showAds=False,,,
p,Courses under Rs 99,,,,
a,Courses under Rs 99,https://www.snapdeal.com/products/e-learning?sort=plrty&q=Price%3A49%2C99%7C&showAds=False,,,
p,School Learning Online,,,,
a,School Learning Online,https://www.snapdeal.com/products/e-learning-school-education?sort=plrty,,,
p,Online Test Preparation,,,,
a,Online Test Preparation,https://www.snapdeal.com/products/e-learning-competitive-exams?sort=plrty,,,
p,,,,,
a,,,,,
p,,,,,
a,,,,,
p,Musical Instruments,,,,
a,Musical Instruments,https://www.snapdeal.com/products/musical-instruments,,,
p,Guitars,,,,
a,Guitars,https://www.snapdeal.com/products/musical-instruments-guitars,,,
p,Keyboards,,,,
a,Keyboards,https://www.snapdeal.com/products/musical-instruments-piano-keyboards,,,
p,Studio Essentials,,,,
a,Studio Essentials,https://www.snapdeal.com/products/musical-instruments-recorders-mixers,,,
p,Drums,,,,
a,Drums,https://www.snapdeal.com/products/musical-instruments-drums-percussions,,,
p,Guitar Accessories,,,,
a,Guitar Accessories,https://www.snapdeal.com/products/guitars-accessories?sort=plrty,,,
p,Keyboard Accessories,,,,
a,Keyboard Accessories,https://www.snapdeal.com/products/keyboard-accessories?sort=plrty,,,
p,Indian Instruments,,,,
a,Indian Instruments,https://www.snapdeal.com/products/musical-instruments-classical,,,
p,Tabla,,,,
a,Tabla,https://www.snapdeal.com/products/musical-instruments-tabla?sort=plrty,,,
p,Flutes,,,,
a,Flutes,https://www.snapdeal.com/products/musical-instruments-flutes,,,
p,Other Instruments,,,,
a,Other Instruments,https://www.snapdeal.com/products/musical-instruments-others,,,
p,Mouth Organs,,,,
a,Mouth Organs,https://www.snapdeal.com/products/musical-instruments-harmonicas,,,
p,,,,,
a,,,,,
p,,,,,
a,,,,,
p,,,,,
a,,,,,
p,,,,,
a,,,,,
p,,,,,
a,,,,,
p,,,,,
a,,,,,
p,,,,,
a,,,,,
p,,,,,
a,,,,,
p,,,,,
a,,,,,
p,,,,,
a,,,,,
p,,,,,
a,,,,,
p,E-Gift Cards,,,,
a,E-Gift Cards,https://www.snapdeal.com/products/digital-entertainment,,,
p,Cleartrip,,,,
a,Cleartrip,https://www.snapdeal.com/products/digital-entertainment?q=Brand%3ACleartrip%7C,,,
p,MakeMyTrip,,,,
a,MakeMyTrip,https://www.snapdeal.com/products/digital-entertainment?q=Brand%3AMakeMyTrip%7C,,,
p,Movies & TV Shows,,,,
a,Movies & TV Shows,https://www.snapdeal.com/products/entertainment,,,
p,Indian Music,,,,
a,Indian Music,https://www.snapdeal.com/products/entertainment-music-indian,,,
p,,,,,
a,,,,,
p,,,,,
a,,,,,
p,,,,,
a,,,,,
p,,,,,
a,,,,,
p,,,,,
a,,,,,
p,,,,,
a,,,,,
p,,,,,
a,,,,,
p,,,,,
a,,,,,
p,,,,,
a,,,,,
p,,,,,
a,,,,,
p,,,,,
a,,,,,
p,,,,,
a,,,,,
p,,,,,
a,,,,,
p,,,,,
a,,,,,
p,,,,,
a,,,,,
p,,,,,
a,,,,,
p,,,,,
a,,,,,
p,,,,,
a,,,,,
a,Hobbies,javascript:void(0);,,,
p,Arts & Crafts,,,,
a,Arts & Crafts,https://www.snapdeal.com/products/hobbies-art-supplies?sort=plrty,,,
p,Collectibles,,,,
a,Collectibles,https://www.snapdeal.com/products/hobbies-collectibles?sort=plrty,,,
p,,,,,
a,,,,,
p,,,,,
a,,,,,
p,,,,,
a,,,,,
p,,,,,
a,,,,,
p,,,,,
a,,,,,
p,,,,,
a,,,,,
p,,,,,
a,,,,,
p,,,,,
a,,,,,
p,,,,,
a,,,,,
p,,,,,
a,,,,,
p,,,,,
a,,,,,
p,,,,,
a,,,,,
p,,,,,
a,,,,,
p,,,,,
a,,,,,
p,,,,,
a,,,,,
p,,,,,
a,,,,,
p,,,,,
a,,,,,
p,,,,,
a,,,,,
p,,,,,
a,,,,,
p,,,,,
a,,,,,
p,,,,,
a,,,,,
p,,,,,
a,,,,,
p,,,,,
a,,,,,
p,,,,,
a,,,,,
p,,,,,
a,,,,,
p,,,,,
a,,,,,
p,,,,,
a,,,,,
p,,,,,
a,,,,,
p,,,,,
a,,,,,
p,,,,,
a,,,,,
p,,,,,
a,,,,,
p,,,,,
a,,,,,
p,,,,,
a,,,,,
p,,,,,
a,,,,,
p,,,,,
a,,,,,
p,,,,,
a,,,,,
p,,,,,
a,,,,,
p,,,,,
a,,,,,
p,,,,,
a,,,,,
p,,,,,
a,,,,,
p,,,,,
a,,,,,
p,,,,,
a,,,,,
p,,,,,
a,,,,,
p,,,,,
a,,,,,
p,,,,,
a,,,,,
p,,,,,
a,,,,,
p,,,,,
a,,,,,
p,,,,,
a,,,,,
p,,,,,
a,,,,,
p,,,,,
a,,,,,
p,,,,,
a,,,,,
p,,,,,
a,,,,,
p,,,,,
a,,,,,
p,,,,,
a,,,,,
p,,,,,
a,,,,,
p,,,,,
a,,,,,
p,,,,,
a,,,,,
p,,,,,
a,,,,,
p,,,,,
a,,,,,
p,,,,,
a,,,,,
p,,,,,
a,,,,,
p,,,,,
a,,,,,
p,,,,,
a,,,,,
p,,,,,
a,,,,,
p,,,,,
a,,,,,
p,,,,,
a,,,,,
p,,,,,
a,,,,,
a,,javascript:void(0);,,,
p,,,,,
a,,,,,
p,,,,,
a,,,,,
p,,,,,
a,,,,,
p,,,,,
a,,,,,
p,,,,,
a,,,,,
p,,,,,
a,,,,,
p,,,,,
a,,,,,
p,,,,,
a,,,,,
p,,,,,
a,,,,,
p,,,,,
a,,,,,
p,,,,,
a,,,,,
p,,,,,
a,,,,,
p,,,,,
a,,,,,
p,,,,,
a,,,,,
p,,,,,
a,,,,,
p,,,,,
a,,,,,
p,,,,,
a,,,,,
p,,,,,
a,,,,,
p,,,,,
a,,,,,
p,,,,,
a,,,,,
p,,,,,
a,,,,,
p,,,,,
a,,,,,
p,,,,,
a,,,,,
p,,,,,
a,,,,,
p,,,,,
a,,,,,
p,,,,,
a,,,,,
p,,,,,
a,,,,,
p,,,,,
a,,,,,
p,,,,,
a,,,,,
p,,,,,
a,,,,,
p,,,,,
a,,,,,
p,,,,,
a,,,,,
p,,,,,
a,,,,,
p,,,,,
a,,,,,
p,,,,,
a,,,,,
p,,,,,
a,,,,,
p,,,,,
a,,,,,
p,,,,,
a,,,,,
p,,,,,
a,,,,,
p,,,,,
a,,,,,
p,,,,,
a,,,,,
p,,,,,
a,,,,,
p,,,,,
a,,,,,
p,,,,,
a,,,,,
p,,,,,
a,,,,,
p,,,,,
a,,,,,
p,,,,,
a,,,,,
p,,,,,
a,,,,,
p,,,,,
a,,,,,
p,,,,,
a,,,,,
p,,,,,
a,,,,,
p,,,,,
a,,,,,
p,,,,,
a,,,,,
p,,,,,
a,,,,,
p,,,,,
a,,,,,
p,,,,,
a,,,,,
p,,,,,
a,,,,,
p,,,,,
a,,,,,
p,,,,,
a,,,,,
p,,,,,
a,,,,,
p,,,,,
a,,,,,
p,,,,,
a,,,,,
p,,,,,
a,,,,,
p,,,,,
a,,,,,
p,,,,,
a,,,,,
p,,,,,
a,,,,,
p,,,,,
a,,,,,
p,,,,,
a,,,,,
p,,,,,
a,,,,,
a,,javascript:void(0);,,,
a,kitchen product,https://www.snapdeal.com/search?clickSrc=top_searches&keyword=kitchen product&categoryId=0&vertical=p&noOfResults=20&SRPID=topsearch,,,
a,shoes for men,https://www.snapdeal.com/search?clickSrc=top_searches&keyword=shoes for men&categoryId=0&vertical=p&noOfResults=20&SRPID=topsearch,,,
a,kurti set,https://www.snapdeal.com/search?clickSrc=top_searches&keyword=kurti set&categoryId=0&vertical=p&noOfResults=20&SRPID=topsearch,,,
a,sandal men,https://www.snapdeal.com/search?clickSrc=top_searches&keyword=sandal men&categoryId=0&vertical=p&noOfResults=20&SRPID=topsearch,,,
a,sport shoe men,https://www.snapdeal.com/search?clickSrc=top_searches&keyword=sport shoe men&categoryId=0&vertical=p&noOfResults=20&SRPID=topsearch,,,
a,,//www.snapdeal.com/offers/end-of-season-sale,,,
img,,,,,
a,,https://www.snapdeal.com/products/home-improvement-utility?sort=rec&q=Price%3A79%2C1999%7C,,,
a,,https://ondcstore.snapdeal.com/,,,
a,,https://www.snapdeal.com/offers/bob-card-apply?utm_source=sd_bob_launch&utm_campaign=homeptrack_sdBoBCreditCard,,,
a,,https://www.snapdeal.com/product/india-100-envisioning-tomorrows-economic/635947174556,,,
a,,https://www.snapdeal.com/products/mens-footwear-sports-shoes?sort=plrty,,,
a,,https://www.snapdeal.com/products/women-apparel-kurtis?sort=rec&q=Price%3A199%2C1999%7C,,,
a,,https://www.snapdeal.com/products/home-kitchen-cookware-bakeware?sort=dhtl&q=Price%3A209%2C1999%7C,,,
a,,https://www.snapdeal.com/products/home-kitchen-bed-linen?sort=dhtl&q=Price%3A169%2C2801%7C,,,
a,,https://www.snapdeal.com/products/home-improvement-utility?sort=rec&q=Price%3A79%2C1999%7C,,,
a,,https://ondcstore.snapdeal.com/,,,
h2,TRENDING PRODUCTS,,,,
a,Shiv Trishul Damru Gold-plated Locket with Rudraksha MalaRs 399Rs 13865% OFF,https://www.snapdeal.com/product/bhawna-collection-loard-shiv-trishul/672311651336,,,
img,,,https://i4.sdlcdn.com/img/revamp/product-template.png,,
a,Stay Healthy - Foot Protector (Free Size)Rs 899Rs 9689% OFF,https://www.snapdeal.com/product/stay-healthy-silicone-heel-protector/682622706581,,,
img,,,https://i4.sdlcdn.com/img/revamp/product-template.png,,
a,Maxbell USB Rechargeable Electronic Flameless LighterRs 899Rs 17281% OFF,https://www.snapdeal.com/product/maxbell-usb-rechargeable-electronic-flameless/628927799346,,,
img,,,https://i4.sdlcdn.com/img/revamp/product-template.png,,
a,Aadi Black Casual ShoesRs 999Rs 36264% OFF,https://www.snapdeal.com/product/aadi-black-casual-shoes/638773718836,,,
img,,,https://i4.sdlcdn.com/img/revamp/product-template.png,,
a,Bentag kitchenware Vegetable & Fruit Clever Cutter Stainless Steel Vegetable ScissorRs 499Rs 15170% OFF,https://www.snapdeal.com/product/bentag-vegetable-fruit-clever-cutter/646347118114,,,
img,,,https://i4.sdlcdn.com/img/revamp/product-template.png,,
a,"Veirdo - Multicolor Cotton Regular Fit Men's T-Shirt ( Pack of 1 )Rs 1,199Rs 29176% OFF",https://www.snapdeal.com/product/veirdo-multi-round-tshirt/679677667475,,,
img,,,https://i4.sdlcdn.com/img/revamp/product-template.png,,
a,Shiv Shakti Kavach 5 Mukhi Rudraksha Mala With Shiv Trishul & Damru Brass Necklace Brass Brass Pendant SetRs 599Rs 17671% OFF,https://www.snapdeal.com/product/shiv-shakti-kavach-5-mukhi/669437838717,,,
img,,,https://i4.sdlcdn.com/img/revamp/product-template.png,,
a,"Battlestar - Tummy Trimmer ( Pack of 1 )Rs 1,199Rs 35371% OFF",https://www.snapdeal.com/product/battlestar-tummy-trimmer-double-string/681974799800,,,
img,,,https://i4.sdlcdn.com/img/revamp/product-template.png,,
p,,,,,
img,,,https://i2.sdlcdn.com/img/sdDarwinLoader.svg,,
p,,,,,
a,,#top,,,
a,100% Secure PaymentsAll major credit & debitcards accepted,https://www.snapdeal.com/page/terms,,,
p,100% Secure Payments,,,,
p,All major credit & debit,,,,
p,cards accepted,,,,
a,TrustPay100% Payment Protection. EasyReturn Policy,https://www.snapdeal.com/page/TrustPay,,,
p,TrustPay,,,,
p,100% Payment Protection. Easy,,,,
p,Return Policy,,,,
a,Help CenterGot a question? Look no further.Browse our FAQs or submit your query here.,https://www.snapdeal.com/help?redirectFrom=footerstrip,,,
p,Help Center,,,,
p,Got a question? Look no further.,,,,
p,Browse our FAQs or submit your query here.,,,,
a,Shop on the GoDownload the app and get excitingapp only offers at your fingertips,https://play.google.com/store/apps/details?id=com.snapdeal.main&utm_source=web_footer&utm_campaign=android,,,
p,Shop on the Go,,,,
p,Download the app and get exciting,,,,
p,app only offers at your fingertips,,,,
a,Privacy Policy,https://www.snapdeal.com/page/privacy-policy,,,
a,Terms of Sale,https://www.snapdeal.com/page/terms-of-sale,,,
a,Terms of Use,https://www.snapdeal.com/offers/terms-of-use,,,
a,Report Abuse & Takedown Policy,https://www.snapdeal.com/page/abusePolicy,,,
a,Know Your BIS Standard,https://www.services.bis.gov.in/php/BIS_2.0/bisconnect/knowyourstandards/indian_standards/isdetails/,,,
a,Products Under Cumpulsory BIS Certification,https://www.bis.gov.in/products-under-compulsory-certification/,,,
a,FAQ,https://www.snapdeal.com/faq/faqhome,,,
a,Impact@Snapdeal,https://impactatsnapdeal.com,,,
a,Careers,https://jaspercareers.peoplestrong.com/,,,
a,Blog,http://blog.snapdeal.com/,,,
a,Sitemap,https://www.snapdeal.com/info/sitemap,,,
a,Contact Us,https://www.snapdeal.com/faq/faqCustomerCare,,,
a,Shopping App,https://play.google.com/store/apps/details?id=com.snapdeal.main&hl=en_IN,,,
a,Sell on Snapdeal,http://sellers.snapdeal.com/,,,
a,Media Enquiries,mailto:mediarelations@snapdeal.com,,,
a,Lehenga,https://www.snapdeal.com/products/women-apparel-lehenga,,,
a,Kid's Clothing,https://www.snapdeal.com/products/kids-clothing,,,
a,Sarees,https://www.snapdeal.com/products/women-apparel-sarees,,,
a,Winter Wear,https://www.snapdeal.com/products/mens-winter-wear-store,,,
p,Register now to get updates on promotions and,,,,
p,coupons.Or Download App,,,,
a,Or Download App,https://play.google.com/store/apps/details?id=com.snapdeal.main,,,
p,Payment,,,,
p,Connect,,,,
a,,https://www.facebook.com/Snapdeal,,,
img,,,https://i4.sdlcdn.com/img/footer/facebook@4x.png,,
a,,https://twitter.com/snapdeal,,,
img,,,https://i1.sdlcdn.com/img/footer/twitter@4x.png,,
a,,https://instagram.com/snapdeal/,,,
img,,,https://i4.sdlcdn.com/img/footer/instagram@4x.png,,
a,,https://www.linkedin.com/company/snapdeal/,,,
img,,,https://i2.sdlcdn.com/img/footer/linkedin@4x.png,,
a,,https://www.youtube.com/user/snapdeal,,,
img,,,https://i1.sdlcdn.com/img/footer/youtube@4x.png,,
a,,https://t.me/sdwapp,,,
img,,,https://i4.sdlcdn.com/img/footer/Telegram-Logo_112x112.png,,
a,,"https://wa.me/918130222868?text=Hello%20Snapdeal,%20I%20need%20help",,,
img,,,https://i1.sdlcdn.com/img/footer/whatsapp-logo-112x112.png,,
a,Men:,https://www.snapdeal.com/products/men-apparel,,,
a,Shirts for Men,https://www.snapdeal.com/products/men-apparel-shirts,,,
a,Casual Shirts for Men,https://www.snapdeal.com/products/casual-shirts,,,
a,Formal Shirts for Men,https://www.snapdeal.com/products/formal-shirts,,,
a,Hoodies for Men,https://www.snapdeal.com/products/men-apparel-sweatshirts/filters/NeckShape_s~Hooded,,,
a,Cotton Shirts for Men,https://www.snapdeal.com/products/men-apparel-shirts/filters/Fabric_s~100%20Percent%20Cotton,,,
a,T Shirts for Men,https://www.snapdeal.com/products/men-apparel-tshirts,,,
a,Polo T shirts,https://www.snapdeal.com/products/men-apparel-polo-tshirts,,,
a,Kurta Pajama for Men,https://m.snapdeal.com/products/men-ethnic-wear-kurta-pyjama-sets,,,
a,White Shirt,https://m.snapdeal.com/products/men-apparel-shirts/filters/Color_s~White,,,
a,Black Shirt,https://m.snapdeal.com/products/men-apparel-shirts/filters/Color_s~Black,,,
a,Lower for Men,https://m.snapdeal.com/products/men-apparel-trackpants,,,
a,Trousers for Men,https://www.snapdeal.com/products/men-apparel-trousers,,,
a,Jacket for Men,https://www.snapdeal.com/products/men-apparel-outerwear-jackets,,,
a,Formal Pants for Men,https://www.snapdeal.com/products/men-apparel-trousers/filters/ShopbyOccasion_s~Formal,,,
a,Tracksuit for Men,https://www.snapdeal.com/products/men-apparel-tracksuits,,,
a,Jeans for Men,https://www.snapdeal.com/products/men-apparel-jeans,,,
a,Kurta Payjama Sets,https://www.snapdeal.com/products/men-ethnic-wear-kurta-pyjama-sets/filters/Type_s~Kurta%20Pyjama%20Set,,,
a,Kurta for Men,https://www.snapdeal.com/products/men-ethnic-wear-kurtas,,,
a,Blazer for Men,https://www.snapdeal.com/products/mens-winter-apparel-suits-blazers,,,
a,Sweater for Men,https://www.snapdeal.com/products/men-apparel-sweaters,,,
a,Women:,https://www.snapdeal.com/products/women-apparel,,,
a,Tops for Women,https://www.snapdeal.com/products/women-apparel-tops-tunics,,,
a,Kurti,https://www.snapdeal.com/products/women-apparel-kurtis,,,
a,Cotton Sarees,https://www.snapdeal.com/products/women-apparel-sarees/filters/Fabric_s~Cotton,,,
a,Georgette Sarees,https://www.snapdeal.com/products/women-apparel-sarees/filters/Fabric_s~Georgette,,,
a,Chiffon Sarees,https://www.snapdeal.com/products/women-apparel-sarees/filters/Fabric_s~Chiffon,,,
a,Net Sarees,https://www.snapdeal.com/products/women-apparel-sarees/filters/Fabric_s~Net,,,
a,Dresses for Women,https://www.snapdeal.com/products/dresses-gowns-jumpsuits,,,
a,Jumpsuit for Women,https://www.snapdeal.com/products/women-apparel-jumpsuits,,,
a,Jeans for Women,https://www.snapdeal.com/products/women-apparel-trousers-denims/filters/Type_s~Jeans,,,
a,Salwar Suit,https://www.snapdeal.com/products/women-apparel-suits,,,
a,Bra,https://www.snapdeal.com/products/womens-innerwear-bras,,,
a,Jacket for Women,https://www.snapdeal.com/products/women-apparel-outerwear-jackets,,,
a,Night Dress for Women,https://www.snapdeal.com/products/women-apparel-sleep-loungewear,,,
a,Sweatshirt for Women,https://www.snapdeal.com/products/women-apparel-sweatshirts,,,
a,Shorts for Women,https://www.snapdeal.com/products/women-apparel-shorts-capris,,,
a,Readymade Blouse,https://www.snapdeal.com/products/women-ethnicwear-blouse-petticoat,,,
a,Dupatta,https://www.snapdeal.com/products/women-apparel-dupattas,,,
a,T Shirt for Women,https://www.snapdeal.com/products/women-apparel-tees,,,
a,Shirts for Women,https://www.snapdeal.com/products/women-apparel-shirts-blouses,,,
a,Skirts for Women,https://www.snapdeal.com/products/women-apparel-skirts,,,
a,Ethnic wear for Women,https://www.snapdeal.com/products/women-ethnicwear,,,
a,Western Dresses for Women,https://www.snapdeal.com/products/women-apparel-dresses,,,
a,Leggings for Women,https://www.snapdeal.com/products/women-apparel-salwars-churidars,,,
a,Footwear:,https://www.snapdeal.com/products/footwear,,,
a,Men's Footwear,https://www.snapdeal.com/products/mens-footwear,,,
a,Casual Shoes for Men,https://www.snapdeal.com/products/mens-footwear-casual-shoes,,,
a,Formal Shoes for Men,https://www.snapdeal.com/products/mens-footwear-formal-shoes,,,
a,Loafers for Men,https://www.snapdeal.com/products/mens-footwear-loafers,,,
a,Slippers for Men,https://www.snapdeal.com/products/mens-footwear-slippers-floaters,,,
a,Boots for Men,https://www.snapdeal.com/products/mens-footwear-boots,,,
a,Sandals for Men,https://www.snapdeal.com/products/mens-footwear-sandals,,,
a,Footwear for Women,https://www.snapdeal.com/products/womens-footwear,,,
a,Heels for Women,https://www.snapdeal.com/products/womens-footwear-heeled-slipon-pump,,,
a,Sandals for Women,https://www.snapdeal.com/products/womens-footwear-sandal,,,
a,Shoes for Women,https://www.snapdeal.com/products/womens-footwear-casual-shoes,,,
a,Sandals for Women,https://www.snapdeal.com/products/womens-footwear-floater-sandal,,,
a,Slippers for Women,https://www.snapdeal.com/products/womens-footwear-slippers-floaters,,,
a,Boots for Women,https://www.snapdeal.com/products/womens-footwear-boot,,,
a,Jutti for Women,https://www.snapdeal.com/products/womens-footwear-ethnic,,,
a,Sports Shoes for Women,https://www.snapdeal.com/products/womens-footwear-sports-shoes,,,
a,Home & Kitchen:,https://www.snapdeal.com/products/home-kitchen,,,
a,Wall Painting,https://www.snapdeal.com/products/paintings,,,
a,Wall Stickers,https://www.snapdeal.com/products/wall-stickers,,,
a,Dream Catcher,https://www.snapdeal.com/products/dream-catcher,,,
a,Rangoli Designs,https://www.snapdeal.com/products/decor-rangoli,,,
a,Clock,https://www.snapdeal.com/products/home-kitchen-clocks,,,
a,Wall Clock,https://www.snapdeal.com/products/wall-clocks,,,
a,Alarm Clock,https://www.snapdeal.com/products/alarm-clocks,,,
a,Diya,https://www.snapdeal.com/products/religion-spirituality-diyas,,,
a,Bean Bag,https://www.snapdeal.com/products/home-kitchen-bean-bags,,,
a,Laptop Table,https://www.snapdeal.com/products/laptop-tables,,,
a,Study Table,https://www.snapdeal.com/products/study-tables,,,
a,Wall Hanging,https://www.snapdeal.com/products/wall-hangings,,,
a,Ceiling Lights,https://www.snapdeal.com/products/ceiling-lights,,,
a,Table Lamp,https://www.snapdeal.com/products/table-lamps,,,
a,Hanging Lights,https://www.snapdeal.com/products/hanging-lamps,,,
a,LED Bulbs,https://www.snapdeal.com/products/led-bulbs,,,
a,Torch Light,https://www.snapdeal.com/products/flashlights-torches,,,
a,LED Lights,https://www.snapdeal.com/products/led-lights,,,
a,Flower Vase,https://www.snapdeal.com/products/home-accents-florals-plants-vases,,,
a,Keychain,https://www.snapdeal.com/products/home-accents-key-chains,,,
a,Rudraksha,https://www.snapdeal.com/products/health-therapy-rudraksha,,,
a,Screwdriver,https://www.snapdeal.com/products/hand-tools-screwdrivers,,,
a,Watch:,https://www.snapdeal.com/products/lifestyle-watches,,,
a,Watch For Men,https://www.snapdeal.com/products/watches-men,,,
a,Womens Watches,https://www.snapdeal.com/products/watches-women,,,
a,Smart Watch,https://www.snapdeal.com/products/fitness-wearable-smartwatches,,,
a,Boys Watch,https://www.snapdeal.com/products/boys-watches,,,
a,Girls Watch,https://m.snapdeal.com/products/girls-watches,,,
a,Home Furnishing:,https://www.snapdeal.com/products/home-furnishing,,,
a,Bed Sheet,https://www.snapdeal.com/products/bed-sheets,,,
a,Mosquito Net,https://www.snapdeal.com/products/moquito-nets,,,
a,Mattress,https://www.snapdeal.com/products/home-furnishing-mattress-protectors,,,
a,Curtains,https://www.snapdeal.com/products/curtains,,,
a,Sofa Cover,https://www.snapdeal.com/products/sofa-covers,,,
a,Blanket,https://www.snapdeal.com/products/blankets,,,
a,Pillow,https://www.snapdeal.com/products/fibre-pillows,,,
a,Carpet,https://www.snapdeal.com/products/carpets,,,
a,Apron,https://www.snapdeal.com/products/kitchen-aprons,,,
a,Quilt,https://www.snapdeal.com/products/quilt-comforter-rajai,,,
a,Floor Mat,https://www.snapdeal.com/products/floor-mats,,,
a,Towel,https://www.snapdeal.com/products/bath-towels,,,
a,Pillow Cover,https://www.snapdeal.com/products/pillow-covers,,,
a,Electronics:,https://www.snapdeal.com/products/appliances-home,,,
a,Bluetooth Speakers,https://www.snapdeal.com/products/electronics-bluetooth-speakers,,,
a,Headphones,https://www.snapdeal.com/products/electronics-headphones,,,
a,Earphone,https://www.snapdeal.com/products/electronics-earphones,,,
a,Ceiling Fan,https://www.snapdeal.com/products/appliances-ceiling-fans,,,
a,Geysers,https://www.snapdeal.com/products/geysers,,,
a,Trimmer,https://www.snapdeal.com/products/trimmers,,,
a,Hair Straightner,https://www.snapdeal.com/products/hair-straightners,,,
a,Hair Dryer,https://www.snapdeal.com/products/hair-dryers,,,
a,Water Purifier,https://www.snapdeal.com/products/appliances-water-purifiers,,,
a,Mixer Grinder,https://www.snapdeal.com/products/appliances-mixer-grinders,,,
a,Gas Stove,https://www.snapdeal.com/products/appliances-gas-stoves-hobs,,,
a,Electric Kettle,https://www.snapdeal.com/products/electric-kettle,,,
a,Computer Mouse,https://www.snapdeal.com/products/computers-mouse,,,
a,Computer Keyboard,https://www.snapdeal.com/products/computers-keyboard,,,
a,USB & HDMI Cables,https://www.snapdeal.com/products/computer-cables,,,
a,Computer Antivirus,https://www.snapdeal.com/products/computers-software-security,,,
a,Mobiles Accessories:,https://www.snapdeal.com/products/mobiles-accessories,,,
a,Mobile Covers,https://www.snapdeal.com/products/mobiles-cases-covers,,,
a,Leather Mobile Covers,https://www.snapdeal.com/products/mobiles-cases-covers/filters/Material_s~Leather,,,
a,Printed Back Covers,https://www.snapdeal.com/products/mobiles-printed-back-covers,,,
a,Tempered Glass,https://www.snapdeal.com/products/mobiles-tempered-glass,,,
